Species,Replicate,Dose,Time_h,RawOD
KT2440,1,90,0,0.087116836
KT2440,1,70,0,0.064009627
KT2440,1,50,0,0.07171203
KT2440,1,25,0,0.056307224
KT2440,1,20,0,0.040319385
KT2440,1,15,0,0.022399658
KT2440,1,10,0,0.029348812
KT2440,1,5,0,0.033200014
KT2440,1,2,0,0.025497611
KT2440,1,1,0,0.029348812
KT2440,1,0,0,0.029348812
KT2440,2,90,0,0.079414433
KT2440,2,70,0,0.056307224
KT2440,2,50,0,0.056307224
KT2440,2,25,0,0.04860482
KT2440,2,20,0,0.035839453
KT2440,2,15,0,0.017919727
KT2440,2,10,0,0.029348812
KT2440,2,5,0,0.033200014
KT2440,2,2,0,0.025497611
KT2440,2,1,0,0.029348812
KT2440,2,0,0,0.025497611
KT2440,3,90,0,0.090968038
KT2440,3,70,0,0.064009627
KT2440,3,50,0,0.060158425
KT2440,3,25,0,0.056307224
KT2440,3,20,0,0.040319385
KT2440,3,15,0,0.017919727
KT2440,3,10,0,0.029348812
KT2440,3,5,0,0.029348812
KT2440,3,2,0,0.029348812
KT2440,3,1,0,0.029348812
KT2440,3,0,0,0.029348812
KT2440,1,90,0.25,0.086718436
KT2440,1,70,0.25,0.067462428
KT2440,1,50,0.25,0.075164831
KT2440,1,25,0.25,0.055908823
KT2440,1,20,0.25,0.040319385
KT2440,1,15,0.25,0.044799317
KT2440,1,10,0.25,0.032801614
KT2440,1,5,0.25,0.02509921
KT2440,1,2,0.25,0.02509921
KT2440,1,1,0.25,0.032801614
KT2440,1,0,0.25,0.028950412
KT2440,2,90,0.25,0.079016033
KT2440,2,70,0.25,0.055908823
KT2440,2,50,0.25,0.055908823
KT2440,2,25,0.25,0.044355219
KT2440,2,20,0.25,0.040319385
KT2440,2,15,0.25,0.040319385
KT2440,2,10,0.25,0.02509921
KT2440,2,5,0.25,0.028950412
KT2440,2,2,0.25,0.021248009
KT2440,2,1,0.25,0.02509921
KT2440,2,0,0.25,0.02509921
KT2440,3,90,0.25,0.090569638
KT2440,3,70,0.25,0.067462428
KT2440,3,50,0.25,0.063611227
KT2440,3,25,0.25,0.055908823
KT2440,3,20,0.25,0.044799317
KT2440,3,15,0.25,0.044799317
KT2440,3,10,0.25,0.028950412
KT2440,3,5,0.25,0.028950412
KT2440,3,2,0.25,0.02509921
KT2440,3,1,0.25,0.02509921
KT2440,3,0,0.25,0.021248009
KT2440,1,90,0.5,0.082867235
KT2440,1,70,0.5,0.067462428
KT2440,1,50,0.5,0.07131363
KT2440,1,25,0.5,0.055908823
KT2440,1,20,0.5,0.040319385
KT2440,1,15,0.5,0.040319385
KT2440,1,10,0.5,0.032801614
KT2440,1,5,0.5,0.032801614
KT2440,1,2,0.5,0.021248009
KT2440,1,1,0.5,0.036652815
KT2440,1,0,0.5,0.036652815
KT2440,2,90,0.5,0.079016033
KT2440,2,70,0.5,0.052057622
KT2440,2,50,0.5,0.055908823
KT2440,2,25,0.5,0.044355219
KT2440,2,20,0.5,0.040319385
KT2440,2,15,0.5,0.040319385
KT2440,2,10,0.5,0.02509921
KT2440,2,5,0.5,0.028950412
KT2440,2,2,0.5,0.021248009
KT2440,2,1,0.5,0.028950412
KT2440,2,0,0.5,0.02509921
KT2440,3,90,0.5,0.090569638
KT2440,3,70,0.5,0.067462428
KT2440,3,50,0.5,0.063611227
KT2440,3,25,0.5,0.055908823
KT2440,3,20,0.5,0.044799317
KT2440,3,15,0.5,0.044799317
KT2440,3,10,0.5,0.028950412
KT2440,3,5,0.5,0.032801614
KT2440,3,2,0.5,0.02509921
KT2440,3,1,0.5,0.02509921
KT2440,3,0,0.5,0.021248009
KT2440,1,90,0.75,0.082734435
KT2440,1,70,0.75,0.063478427
KT2440,1,50,0.75,0.07118083
KT2440,1,25,0.75,0.055776023
KT2440,1,20,0.75,0.044799317
KT2440,1,15,0.75,0.040319385
KT2440,1,10,0.75,0.051924822
KT2440,1,5,0.75,0.04807362
KT2440,1,2,0.75,0.032668814
KT2440,1,1,0.75,0.040371217
KT2440,1,0,0.75,0.04807362
KT2440,2,90,0.75,0.078883233
KT2440,2,70,0.75,0.055776023
KT2440,2,50,0.75,0.055776023
KT2440,2,25,0.75,0.044222418
KT2440,2,20,0.75,0.044799317
KT2440,2,15,0.75,0.035839453
KT2440,2,10,0.75,0.051924822
KT2440,2,5,0.75,0.036520015
KT2440,2,2,0.75,0.028817612
KT2440,2,1,0.75,0.036520015
KT2440,2,0,0.75,0.032668814
KT2440,3,90,0.75,0.090436838
KT2440,3,70,0.75,0.063478427
KT2440,3,50,0.75,0.063478427
KT2440,3,25,0.75,0.055776023
KT2440,3,20,0.75,0.049279249
KT2440,3,15,0.75,0.040319385
KT2440,3,10,0.75,0.02496641
KT2440,3,5,0.75,0.036520015
KT2440,3,2,0.75,0.036520015
KT2440,3,1,0.75,0.032668814
KT2440,3,0,0.75,0.036520015
KT2440,1,90,1,0.082867235
KT2440,1,70,1,0.059760025
KT2440,1,50,1,0.07131363
KT2440,1,25,1,0.055908823
KT2440,1,20,1,0.049279249
KT2440,1,15,1,0.044799317
KT2440,1,10,1,0.059760025
KT2440,1,5,1,0.021248009
KT2440,1,2,1,0.052057622
KT2440,1,1,1,0.052057622
KT2440,1,0,1,0.052057622
KT2440,2,90,1,0.079016033
KT2440,2,70,1,0.052057622
KT2440,2,50,1,0.052057622
KT2440,2,25,1,0.04820642
KT2440,2,20,1,0.044799317
KT2440,2,15,1,0.040319385
KT2440,2,10,1,0.055908823
KT2440,2,5,1,0.040504017
KT2440,2,2,1,0.036652815
KT2440,2,1,1,0.036652815
KT2440,2,0,1,0.036652815
KT2440,3,90,1,0.090569638
KT2440,3,70,1,0.063611227
KT2440,3,50,1,0.059760025
KT2440,3,25,1,0.052057622
KT2440,3,20,1,0.05375918
KT2440,3,15,1,0.044799317
KT2440,3,10,1,0.044355219
KT2440,3,5,1,0.044355219
KT2440,3,2,1,0.028950412
KT2440,3,1,1,0.044355219
KT2440,3,0,1,0.04820642
KT2440,1,90,1.25,0.082734435
KT2440,1,70,1.25,0.063478427
KT2440,1,50,1.25,0.07118083
KT2440,1,25,1.25,0.055776023
KT2440,1,20,1.25,0.049279249
KT2440,1,15,1.25,0.049279249
KT2440,1,10,1.25,0.07118083
KT2440,1,5,1.25,0.051924822
KT2440,1,2,1.25,0.055776023
KT2440,1,1,1.25,0.051924822
KT2440,1,0,1.25,0.04807362
KT2440,2,90,1.25,0.075032031
KT2440,2,70,1.25,0.04807362
KT2440,2,50,1.25,0.051924822
KT2440,2,25,1.25,0.044222418
KT2440,2,20,1.25,0.044799317
KT2440,2,15,1.25,0.040319385
KT2440,2,10,1.25,0.055776023
KT2440,2,5,1.25,0.051924822
KT2440,2,2,1.25,0.04807362
KT2440,2,1,1.25,0.04807362
KT2440,2,0,1.25,0.04807362
KT2440,3,90,1.25,0.090436838
KT2440,3,70,1.25,0.063478427
KT2440,3,50,1.25,0.059627225
KT2440,3,25,1.25,0.051924822
KT2440,3,20,1.25,0.049279249
KT2440,3,15,1.25,0.049279249
KT2440,3,10,1.25,0.04807362
KT2440,3,5,1.25,0.059627225
KT2440,3,2,1.25,0.032668814
KT2440,3,1,1.25,0.04807362
KT2440,3,0,1.25,0.04807362
KT2440,1,90,1.5,0.086585636
KT2440,1,70,1.5,0.059627225
KT2440,1,50,1.5,0.07118083
KT2440,1,25,1.5,0.051924822
KT2440,1,20,1.5,0.05375918
KT2440,1,15,1.5,0.05375918
KT2440,1,10,1.5,0.078883233
KT2440,1,5,1.5,0.067329628
KT2440,1,2,1.5,0.063478427
KT2440,1,1,1.5,0.051924822
KT2440,1,0,1.5,0.055776023
KT2440,2,90,1.5,0.078883233
KT2440,2,70,1.5,0.04807362
KT2440,2,50,1.5,0.051924822
KT2440,2,25,1.5,0.044222418
KT2440,2,20,1.5,0.044799317
KT2440,2,15,1.5,0.044799317
KT2440,2,10,1.5,0.055776023
KT2440,2,5,1.5,0.051924822
KT2440,2,2,1.5,0.051924822
KT2440,2,1,1.5,0.055776023
KT2440,2,0,1.5,0.055776023
KT2440,3,90,1.5,0.090436838
KT2440,3,70,1.5,0.059627225
KT2440,3,50,1.5,0.059627225
KT2440,3,25,1.5,0.051924822
KT2440,3,20,1.5,0.058239112
KT2440,3,15,1.5,0.05375918
KT2440,3,10,1.5,0.04807362
KT2440,3,5,1.5,0.067329628
KT2440,3,2,1.5,0.055776023
KT2440,3,1,1.5,0.04807362
KT2440,3,0,1.5,0.044222418
KT2440,1,90,1.75,0.086851236
KT2440,1,70,1.75,0.056041623
KT2440,1,50,1.75,0.07144643
KT2440,1,25,1.75,0.052190422
KT2440,1,20,1.75,0.049279249
KT2440,1,15,1.75,0.049279249
KT2440,1,10,1.75,0.083000035
KT2440,1,5,1.75,0.079148833
KT2440,1,2,1.75,0.07144643
KT2440,1,1,1.75,0.059892825
KT2440,1,0,1.75,0.052190422
KT2440,2,90,1.75,0.075297631
KT2440,2,70,1.75,0.04833922
KT2440,2,50,1.75,0.052190422
KT2440,2,25,1.75,0.044488019
KT2440,2,20,1.75,0.044799317
KT2440,2,15,1.75,0.049279249
KT2440,2,10,1.75,0.079148833
KT2440,2,5,1.75,0.07144643
KT2440,2,2,1.75,0.063744027
KT2440,2,1,1.75,0.063744027
KT2440,2,0,1.75,0.056041623
KT2440,3,90,1.75,0.090702438
KT2440,3,70,1.75,0.07144643
KT2440,3,50,1.75,0.059892825
KT2440,3,25,1.75,0.052190422
KT2440,3,20,1.75,0.058239112
KT2440,3,15,1.75,0.058239112
KT2440,3,10,1.75,0.059892825
KT2440,3,5,1.75,0.075297631
KT2440,3,2,1.75,0.067595228
KT2440,3,1,1.75,0.052190422
KT2440,3,0,1.75,0.036785615
KT2440,1,90,2,0.083000035
KT2440,1,70,2,0.056041623
KT2440,1,50,2,0.07144643
KT2440,1,25,2,0.052190422
KT2440,1,20,2,0.05375918
KT2440,1,15,2,0.058239112
KT2440,1,10,2,0.090702438
KT2440,1,5,2,0.086851236
KT2440,1,2,2,0.079148833
KT2440,1,1,2,0.067595228
KT2440,1,0,2,0.059892825
KT2440,2,90,2,0.075297631
KT2440,2,70,2,0.044488019
KT2440,2,50,2,0.052190422
KT2440,2,25,2,0.040636817
KT2440,2,20,2,0.049279249
KT2440,2,15,2,0.058239112
KT2440,2,10,2,0.083000035
KT2440,2,5,2,0.079148833
KT2440,2,2,2,0.07144643
KT2440,2,1,2,0.056041623
KT2440,2,0,2,0.056041623
KT2440,3,90,2,0.090702438
KT2440,3,70,2,0.09455364
KT2440,3,50,2,0.056041623
KT2440,3,25,2,0.04833922
KT2440,3,20,2,0.05375918
KT2440,3,15,2,0.067198975
KT2440,3,10,2,0.067595228
KT2440,3,5,2,0.083000035
KT2440,3,2,2,0.075297631
KT2440,3,1,2,0.059892825
KT2440,3,0,2,0.04833922
KT2440,1,90,2.25,0.082867235
KT2440,1,70,2.25,0.055908823
KT2440,1,50,2.25,0.067462428
KT2440,1,25,2.25,0.052057622
KT2440,1,20,2.25,0.05375918
KT2440,1,15,2.25,0.067198975
KT2440,1,10,2.25,0.109825646
KT2440,1,5,2.25,0.105974444
KT2440,1,2,2.25,0.094420839
KT2440,1,1,2.25,0.086718436
KT2440,1,0,2.25,0.063611227
KT2440,2,90,2.25,0.075164831
KT2440,2,70,2.25,0.044355219
KT2440,2,50,2.25,0.052057622
KT2440,2,25,2.25,0.040504017
KT2440,2,20,2.25,0.044799317
KT2440,2,15,2.25,0.062719044
KT2440,2,10,2.25,0.086718436
KT2440,2,5,2.25,0.090569638
KT2440,2,2,2.25,0.079016033
KT2440,2,1,2.25,0.067462428
KT2440,2,0,2.25,0.059760025
KT2440,3,90,2.25,0.090569638
KT2440,3,70,2.25,0.067462428
KT2440,3,50,2.25,0.059760025
KT2440,3,25,2.25,0.04820642
KT2440,3,20,2.25,0.058239112
KT2440,3,15,2.25,0.067198975
KT2440,3,10,2.25,0.090569638
KT2440,3,5,2.25,0.094420839
KT2440,3,2,2.25,0.086718436
KT2440,3,1,2.25,0.063611227
KT2440,3,0,2.25,0.055908823
KT2440,1,90,2.5,0.083265635
KT2440,1,70,2.5,0.056307224
KT2440,1,50,2.5,0.067860828
KT2440,1,25,2.5,0.052456022
KT2440,1,20,2.5,0.05375918
KT2440,1,15,2.5,0.076158839
KT2440,1,10,2.5,0.125628853
KT2440,1,5,2.5,0.133331256
KT2440,1,2,2.5,0.129480054
KT2440,1,1,2.5,0.102521643
KT2440,1,0,2.5,0.075563232
KT2440,2,90,2.5,0.075563232
KT2440,2,70,2.5,0.044753619
KT2440,2,50,2.5,0.052456022
KT2440,2,25,2.5,0.040902417
KT2440,2,20,2.5,0.044799317
KT2440,2,15,2.5,0.071678907
KT2440,2,10,2.5,0.098670441
KT2440,2,5,2.5,0.102521643
KT2440,2,2,2.5,0.090968038
KT2440,2,1,2.5,0.079414433
KT2440,2,0,2.5,0.067860828
KT2440,3,90,2.5,0.090968038
KT2440,3,70,2.5,0.079414433
KT2440,3,50,2.5,0.056307224
KT2440,3,25,2.5,0.04860482
KT2440,3,20,2.5,0.05375918
KT2440,3,15,2.5,0.076158839
KT2440,3,10,2.5,0.110224046
KT2440,3,5,2.5,0.106372844
KT2440,3,2,2.5,0.098670441
KT2440,3,1,2.5,0.087116836
KT2440,3,0,2.5,0.060158425
KT2440,1,90,2.75,0.082734435
KT2440,1,70,2.75,0.055776023
KT2440,1,50,2.75,0.07118083
KT2440,1,25,2.75,0.051924822
KT2440,1,20,2.75,0.05375918
KT2440,1,15,2.75,0.085118702
KT2440,1,10,2.75,0.14435366
KT2440,1,5,2.75,0.136651257
KT2440,1,2,2.75,0.16746087
KT2440,1,1,2.75,0.125097652
KT2440,1,0,2.75,0.090436838
KT2440,2,90,2.75,0.075032031
KT2440,2,70,2.75,0.044222418
KT2440,2,50,2.75,0.051924822
KT2440,2,25,2.75,0.040371217
KT2440,2,20,2.75,0.044799317
KT2440,2,15,2.75,0.076158839
KT2440,2,10,2.75,0.113544047
KT2440,2,5,2.75,0.113544047
KT2440,2,2,2.75,0.105841644
KT2440,2,1,2.75,0.098139241
KT2440,2,0,2.75,0.075032031
KT2440,3,90,2.75,0.090436838
KT2440,3,70,2.75,0.086585636
KT2440,3,50,2.75,0.055776023
KT2440,3,25,2.75,0.04807362
KT2440,3,20,2.75,0.05375918
KT2440,3,15,2.75,0.085118702
KT2440,3,10,2.75,0.140502459
KT2440,3,5,2.75,0.128948854
KT2440,3,2,2.75,0.117395249
KT2440,3,1,2.75,0.117395249
KT2440,3,0,2.75,0.075032031
KT2440,1,90,3,0.082867235
KT2440,1,70,3,0.052057622
KT2440,1,50,3,0.067462428
KT2440,1,25,3,0.052057622
KT2440,1,20,3,0.05375918
KT2440,1,15,3,0.089598634
KT2440,1,10,3,0.163742468
KT2440,1,5,3,0.16759367
KT2440,1,2,3,0.202254485
KT2440,1,1,3,0.159891267
KT2440,1,0,3,0.105974444
KT2440,2,90,3,0.075164831
KT2440,2,70,3,0.04820642
KT2440,2,50,3,0.052057622
KT2440,2,25,3,0.044355219
KT2440,2,20,3,0.044799317
KT2440,2,15,3,0.085118702
KT2440,2,10,3,0.125230452
KT2440,2,5,3,0.121379251
KT2440,2,2,3,0.125230452
KT2440,2,1,3,0.121379251
KT2440,2,0,3,0.086718436
KT2440,3,90,3,0.090569638
KT2440,3,70,3,0.086718436
KT2440,3,50,3,0.059760025
KT2440,3,25,3,0.04820642
KT2440,3,20,3,0.05375918
KT2440,3,15,3,0.094078565
KT2440,3,10,3,0.16759367
KT2440,3,5,3,0.179147275
KT2440,3,2,3,0.159891267
KT2440,3,1,3,0.14448646
KT2440,3,0,3,0.090569638
KT2440,1,90,3.25,0.082734435
KT2440,1,70,3.25,0.051924822
KT2440,1,50,3.25,0.067329628
KT2440,1,25,3.25,0.051924822
KT2440,1,20,3.25,0.058239112
KT2440,1,15,3.25,0.098558497
KT2440,1,10,3.25,0.186716878
KT2440,1,5,3.25,0.209824088
KT2440,1,2,3.25,0.267592112
KT2440,1,1,3.25,0.198270483
KT2440,1,0,3.25,0.125097652
KT2440,2,90,3.25,0.075032031
KT2440,2,70,3.25,0.044222418
KT2440,2,50,3.25,0.051924822
KT2440,2,25,3.25,0.040371217
KT2440,2,20,3.25,0.049279249
KT2440,2,15,3.25,0.089598634
KT2440,2,10,3.25,0.136651257
KT2440,2,5,3.25,0.136651257
KT2440,2,2,3.25,0.194419281
KT2440,2,1,3.25,0.14435366
KT2440,2,0,3.25,0.098139241
KT2440,3,90,3.25,0.090436838
KT2440,3,70,3.25,0.086585636
KT2440,3,50,3.25,0.055776023
KT2440,3,25,3.25,0.04807362
KT2440,3,20,3.25,0.05375918
KT2440,3,15,3.25,0.103038429
KT2440,3,10,3.25,0.205972886
KT2440,3,5,3.25,0.28684812
KT2440,3,2,3.25,0.279145717
KT2440,3,1,3.25,0.186716878
KT2440,3,0,3.25,0.117395249
KT2440,1,90,3.5,0.082734435
KT2440,1,70,3.5,0.051924822
KT2440,1,50,3.5,0.067329628
KT2440,1,25,3.5,0.051924822
KT2440,1,20,3.5,0.05375918
KT2440,1,15,3.5,0.10751836
KT2440,1,10,3.5,0.225228894
KT2440,1,5,3.5,0.282996918
KT2440,1,2,3.5,0.40623537
KT2440,1,1,3.5,0.271443313
KT2440,1,0,3.5,0.159758467
KT2440,2,90,3.5,0.075032031
KT2440,2,70,3.5,0.044222418
KT2440,2,50,3.5,0.04807362
KT2440,2,25,3.5,0.040371217
KT2440,2,20,3.5,0.044799317
KT2440,2,15,3.5,0.098558497
KT2440,2,10,3.5,0.159758467
KT2440,2,5,3.5,0.171312072
KT2440,2,2,3.5,0.313806531
KT2440,2,1,3.5,0.186716878
KT2440,2,0,3.5,0.121246451
KT2440,3,90,3.5,0.090436838
KT2440,3,70,3.5,0.078883233
KT2440,3,50,3.5,0.055776023
KT2440,3,25,3.5,0.04807362
KT2440,3,20,3.5,0.05375918
KT2440,3,15,3.5,0.111998292
KT2440,3,10,3.5,0.259889709
KT2440,3,5,3.5,0.398532967
KT2440,3,2,3.5,0.402384168
KT2440,3,1,3.5,0.271443313
KT2440,3,0,3.5,0.152056064
KT2440,1,90,3.75,0.079148833
KT2440,1,70,3.75,0.052190422
KT2440,1,50,3.75,0.063744027
KT2440,1,25,3.75,0.052190422
KT2440,1,20,3.75,0.049279249
KT2440,1,15,3.75,0.120958155
KT2440,1,10,3.75,0.271708914
KT2440,1,5,3.75,0.387244962
KT2440,1,2,3.75,0.545144228
KT2440,1,1,3.75,0.398798567
KT2440,1,0,3.75,0.194684881
KT2440,2,90,3.75,0.075297631
KT2440,2,70,3.75,0.044488019
KT2440,2,50,3.75,0.04833922
KT2440,2,25,3.75,0.040636817
KT2440,2,20,3.75,0.044799317
KT2440,2,15,3.75,0.10751836
KT2440,2,10,3.75,0.198536083
KT2440,2,5,3.75,0.213940889
KT2440,2,2,3.75,0.421905776
KT2440,2,1,3.75,0.248601704
KT2440,2,0,3.75,0.14461926
KT2440,3,90,3.75,0.090702438
KT2440,3,70,3.75,0.063744027
KT2440,3,50,3.75,0.056041623
KT2440,3,25,3.75,0.04833922
KT2440,3,20,3.75,0.049279249
KT2440,3,15,3.75,0.125438087
KT2440,3,10,3.75,0.356435349
KT2440,3,5,3.75,0.491227405
KT2440,3,2,3.75,0.522037018
KT2440,3,1,3.75,0.42960818
KT2440,3,0,3.75,0.19083368
KT2440,1,90,4,0.082867235
KT2440,1,70,4,0.052057622
KT2440,1,50,4,0.063611227
KT2440,1,25,4,0.04820642
KT2440,1,20,4,0.05375918
KT2440,1,15,4,0.13439795
KT2440,1,10,4,0.364004952
KT2440,1,5,4,0.583523444
KT2440,1,2,4,0.679803484
KT2440,1,1,4,0.606630654
KT2440,1,0,4,0.256171307
KT2440,2,90,4,0.075164831
KT2440,2,70,4,0.044355219
KT2440,2,50,4,0.04820642
KT2440,2,25,4,0.040504017
KT2440,2,20,4,0.044799317
KT2440,2,15,4,0.120958155
KT2440,2,10,4,0.260022509
KT2440,2,5,4,0.298534525
KT2440,2,2,4,0.583523444
KT2440,2,1,4,0.42947538
KT2440,2,0,4,0.186849678
KT2440,3,90,4,0.090569638
KT2440,3,70,4,0.07131363
KT2440,3,50,4,0.055908823
KT2440,3,25,4,0.04820642
KT2440,3,20,4,0.049279249
KT2440,3,15,4,0.138877882
KT2440,3,10,4,0.518053017
KT2440,3,5,4,0.606630654
KT2440,3,2,4,0.641291468
KT2440,3,1,4,0.625886662
KT2440,3,0,4,0.275427315
KT2440,1,90,4.25,0.082867235
KT2440,1,70,4.25,0.052057622
KT2440,1,50,4.25,0.063611227
KT2440,1,25,4.25,0.04820642
KT2440,1,20,4.25,0.05375918
KT2440,1,15,4.25,0.152317677
KT2440,1,10,4.25,0.548862629
KT2440,1,5,4.25,0.737571508
KT2440,1,2,4.25,0.787637129
KT2440,1,1,4.25,0.752976315
KT2440,1,0,4.25,0.398665767
KT2440,2,90,4.25,0.075164831
KT2440,2,70,4.25,0.044355219
KT2440,2,50,4.25,0.04820642
KT2440,2,25,4.25,0.040504017
KT2440,2,20,4.25,0.044799317
KT2440,2,15,4.25,0.138877882
KT2440,2,10,4.25,0.352451347
KT2440,2,5,4.25,0.487243404
KT2440,2,2,4.25,0.714464299
KT2440,2,1,4.25,0.648993871
KT2440,2,0,4.25,0.252320105
KT2440,3,90,4.25,0.090569638
KT2440,3,70,4.25,0.094420839
KT2440,3,50,4.25,0.055908823
KT2440,3,25,4.25,0.04820642
KT2440,3,20,4.25,0.049279249
KT2440,3,15,4.25,0.161277541
KT2440,3,10,4.25,0.675952283
KT2440,3,5,4.25,0.733720307
KT2440,3,2,4.25,0.756827516
KT2440,3,1,4.25,0.783785928
KT2440,3,0,4.25,0.42947538
KT2440,1,90,4.5,0.083000035
KT2440,1,70,4.5,0.052190422
KT2440,1,50,4.5,0.063744027
KT2440,1,25,4.5,0.04833922
KT2440,1,20,4.5,0.049279249
KT2440,1,15,4.5,0.179197267
KT2440,1,10,4.5,0.803174736
KT2440,1,5,4.5,0.895603574
KT2440,1,2,4.5,0.895603574
KT2440,1,1,4.5,0.887901171
KT2440,1,0,4.5,0.660680276
KT2440,2,90,4.5,0.075297631
KT2440,2,70,4.5,0.044488019
KT2440,2,50,4.5,0.04833922
KT2440,2,25,4.5,0.036785615
KT2440,2,20,4.5,0.044799317
KT2440,2,15,4.5,0.161277541
KT2440,2,10,4.5,0.533590623
KT2440,2,5,4.5,0.76466272
KT2440,2,2,4.5,0.83783555
KT2440,2,1,4.5,0.826281945
KT2440,2,0,4.5,0.402649768
KT2440,3,90,4.5,0.090702438
KT2440,3,70,4.5,0.083000035
KT2440,3,50,4.5,0.052190422
KT2440,3,25,4.5,0.04833922
KT2440,3,20,4.5,0.049279249
KT2440,3,15,4.5,0.183677199
KT2440,3,10,4.5,0.826281945
KT2440,3,5,4.5,0.849389155
KT2440,3,2,4.5,0.841686752
KT2440,3,1,4.5,0.903305978
KT2440,3,0,4.5,0.699192292
KT2440,1,90,4.75,0.079016033
KT2440,1,70,4.75,0.052057622
KT2440,1,50,4.75,0.063611227
KT2440,1,25,4.75,0.04820642
KT2440,1,20,4.75,0.05375918
KT2440,1,15,4.75,0.201596926
KT2440,1,10,4.75,0.987899613
KT2440,1,5,4.75,0.995602016
KT2440,1,2,4.75,0.984048411
KT2440,1,1,4.75,0.995602016
KT2440,1,0,4.75,0.891619573
KT2440,2,90,4.75,0.075164831
KT2440,2,70,4.75,0.044355219
KT2440,2,50,4.75,0.04820642
KT2440,2,25,4.75,0.036652815
KT2440,2,20,4.75,0.044799317
KT2440,2,15,4.75,0.188157131
KT2440,2,10,4.75,0.768381121
KT2440,2,5,4.75,0.937833992
KT2440,2,2,4.75,0.937833992
KT2440,2,1,4.75,0.964792403
KT2440,2,0,4.75,0.76452992
KT2440,3,90,4.75,0.090569638
KT2440,3,70,4.75,0.079016033
KT2440,3,50,4.75,0.052057622
KT2440,3,25,4.75,0.04820642
KT2440,3,20,4.75,0.049279249
KT2440,3,15,4.75,0.215036721
KT2440,3,10,4.75,0.972494807
KT2440,3,5,4.75,0.945536395
KT2440,3,2,4.75,0.93398279
KT2440,3,1,4.75,1.014858024
KT2440,3,0,4.75,0.907024379
KT2440,1,90,5,0.079148833
KT2440,1,70,5,0.052190422
KT2440,1,50,5,0.063744027
KT2440,1,25,5,0.04833922
KT2440,1,20,5,0.049279249
KT2440,1,15,5,0.232956447
KT2440,1,10,5,1.072758848
KT2440,1,5,5,1.080461252
KT2440,1,2,5,1.07661005
KT2440,1,1,5,1.084312453
KT2440,1,0,5,1.030395631
KT2440,2,90,5,0.079148833
KT2440,2,70,5,0.040636817
KT2440,2,50,5,0.04833922
KT2440,2,25,5,0.036785615
KT2440,2,20,5,0.040319385
KT2440,2,15,5,0.219516652
KT2440,2,10,5,0.907157179
KT2440,2,5,5,1.022693228
KT2440,2,2,5,1.022693228
KT2440,2,1,5,1.084312453
KT2440,2,0,5,1.022693228
KT2440,3,90,5,0.090702438
KT2440,3,70,5,0.102256043
KT2440,3,50,5,0.052190422
KT2440,3,25,5,0.04833922
KT2440,3,20,5,0.049279249
KT2440,3,15,5,0.250876174
KT2440,3,10,5,1.103568461
KT2440,3,5,5,1.003437219
KT2440,3,2,5,1.022693228
KT2440,3,1,5,1.122824469
KT2440,3,0,5,1.084312453
KT2440,1,90,5.25,0.083000035
KT2440,1,70,5.25,0.052190422
KT2440,1,50,5.25,0.063744027
KT2440,1,25,5.25,0.04833922
KT2440,1,20,5.25,0.05375918
KT2440,1,15,5.25,0.273275833
KT2440,1,10,5.25,1.165187687
KT2440,1,5,5.25,1.145931679
KT2440,1,2,5.25,1.161336485
KT2440,1,1,5.25,1.180592494
KT2440,1,0,5.25,1.103568461
KT2440,2,90,5.25,0.075297631
KT2440,2,70,5.25,0.044488019
KT2440,2,50,5.25,0.04833922
KT2440,2,25,5.25,0.036785615
KT2440,2,20,5.25,0.040319385
KT2440,2,15,5.25,0.255356106
KT2440,2,10,5.25,1.049651639
KT2440,2,5,5.25,1.118973268
KT2440,2,2,5.25,1.161336485
KT2440,2,1,5.25,1.188294897
KT2440,2,0,5.25,1.138229276
KT2440,3,90,5.25,0.090702438
KT2440,3,70,5.25,0.090702438
KT2440,3,50,5.25,0.052190422
KT2440,3,25,5.25,0.04833922
KT2440,3,20,5.25,0.049279249
KT2440,3,15,5.25,0.291195559
KT2440,3,10,5.25,1.207550905
KT2440,3,5,5.25,1.09971726
KT2440,3,2,5.25,1.130526873
KT2440,3,1,5.25,1.226806913
KT2440,3,0,5.25,1.192146098
KT2440,1,90,5.5,0.078883233
KT2440,1,70,5.5,0.051924822
KT2440,1,50,5.5,0.063478427
KT2440,1,25,5.5,0.04807362
KT2440,1,20,5.5,0.049279249
KT2440,1,15,5.5,0.318075149
KT2440,1,10,5.5,1.245797321
KT2440,1,5,5.5,1.203434103
KT2440,1,2,5.5,1.249648522
KT2440,1,1,5.5,1.288160539
KT2440,1,0,5.5,1.176475692
KT2440,2,90,5.5,0.078883233
KT2440,2,70,5.5,0.044222418
KT2440,2,50,5.5,0.04807362
KT2440,2,25,5.5,0.036520015
KT2440,2,20,5.5,0.040319385
KT2440,2,15,5.5,0.300155423
KT2440,2,10,5.5,1.207285305
KT2440,2,5,5.5,1.241946119
KT2440,2,2,5.5,1.342077361
KT2440,2,1,5.5,1.303565345
KT2440,2,0,5.5,1.207285305
KT2440,3,90,5.5,0.094288039
KT2440,3,70,5.5,0.113544047
KT2440,3,50,5.5,0.055776023
KT2440,3,25,5.5,0.044222418
KT2440,3,20,5.5,0.049279249
KT2440,3,15,5.5,0.34495474
KT2440,3,10,5.5,1.29201174
KT2440,3,5,5.5,1.238094918
KT2440,3,2,5.5,1.288160539
KT2440,3,1,5.5,1.345928563
KT2440,3,0,5.5,1.26890453
KT2440,1,90,5.75,0.083000035
KT2440,1,70,5.75,0.04833922
KT2440,1,50,5.75,0.063744027
KT2440,1,25,5.75,0.04833922
KT2440,1,20,5.75,0.049279249
KT2440,1,15,5.75,0.37183433
KT2440,1,10,5.75,1.303830945
KT2440,1,5,5.75,1.31538455
KT2440,1,2,5.75,1.334640558
KT2440,1,1,5.75,1.403962187
KT2440,1,0,5.75,1.092014857
KT2440,2,90,5.75,0.075297631
KT2440,2,70,5.75,0.040636817
KT2440,2,50,5.75,0.04833922
KT2440,2,25,5.75,0.036785615
KT2440,2,20,5.75,0.040319385
KT2440,2,15,5.75,0.353914603
KT2440,2,10,5.75,1.319235752
KT2440,2,5,5.75,1.319235752
KT2440,2,2,5.75,1.342342961
KT2440,2,1,5.75,1.350045364
KT2440,2,0,5.75,1.061205244
KT2440,3,90,5.75,0.09455364
KT2440,3,70,5.75,0.090702438
KT2440,3,50,5.75,0.056041623
KT2440,3,25,5.75,0.044488019
KT2440,3,20,5.75,0.044799317
KT2440,3,15,5.75,0.403193851
KT2440,3,10,5.75,1.326938155
KT2440,3,5,5.75,1.276872534
KT2440,3,2,5.75,1.33849176
KT2440,3,1,5.75,1.31538455
KT2440,3,0,5.75,1.222955711
KT2440,1,90,6,0.079016033
KT2440,1,70,6,0.04820642
KT2440,1,50,6,0.059760025
KT2440,1,25,6,0.04820642
KT2440,1,20,6,0.049279249
KT2440,1,15,6,0.439033305
KT2440,1,10,6,1.384573379
KT2440,1,5,6,1.446192605
KT2440,1,2,6,1.426936597
KT2440,1,1,6,1.434639
KT2440,1,0,6,1.245930121
KT2440,2,90,6,0.075164831
KT2440,2,70,6,0.040504017
KT2440,2,50,6,0.04820642
KT2440,2,25,6,0.036652815
KT2440,2,20,6,0.040319385
KT2440,2,15,6,0.416633646
KT2440,2,10,6,1.373019774
KT2440,2,5,6,1.38842458
KT2440,2,2,6,1.426936597
KT2440,2,1,6,1.38842458
KT2440,2,0,6,1.215120508
KT2440,3,90,6,0.094420839
KT2440,3,70,6,0.086718436
KT2440,3,50,6,0.063611227
KT2440,3,25,6,0.044355219
KT2440,3,20,6,0.044799317
KT2440,3,15,6,0.474872758
KT2440,3,10,6,1.403829387
KT2440,3,5,6,1.38842458
KT2440,3,2,6,1.473151016
KT2440,3,1,6,1.396126984
KT2440,3,0,6,1.141947677
KT2440,1,90,6.25,0.079281633
KT2440,1,70,6.25,0.04847202
KT2440,1,50,6.25,0.060025625
KT2440,1,25,6.25,0.044620819
KT2440,1,20,6.25,0.049279249
KT2440,1,15,6.25,0.515192143
KT2440,1,10,6.25,1.438755801
KT2440,1,5,6.25,1.596655067
KT2440,1,2,6.25,1.573547858
KT2440,1,1,6.25,1.561994253
KT2440,1,0,6.25,1.546589447
KT2440,2,90,6.25,0.075430432
KT2440,2,70,6.25,0.044620819
KT2440,2,50,6.25,0.04847202
KT2440,2,25,6.25,0.036918415
KT2440,2,20,6.25,0.031359522
KT2440,2,15,6.25,0.492792485
KT2440,2,10,6.25,1.404094987
KT2440,2,5,6.25,1.41179739
KT2440,2,2,6.25,1.515779834
KT2440,2,1,6.25,1.450309406
KT2440,2,0,6.25,1.307814947
KT2440,3,90,6.25,0.09468644
KT2440,3,70,6.25,0.098537641
KT2440,3,50,6.25,0.056174423
KT2440,3,25,6.25,0.044620819
KT2440,3,20,6.25,0.044799317
KT2440,3,15,6.25,0.555511529
KT2440,3,10,6.25,1.469565414
KT2440,3,5,6.25,1.481119019
KT2440,3,2,6.25,1.581250261
KT2440,3,1,6.25,1.515779834
KT2440,3,0,6.25,1.180725294
KT2440,1,90,6.5,0.079148833
KT2440,1,70,6.5,0.04833922
KT2440,1,50,6.5,0.059892825
KT2440,1,25,6.5,0.044488019
KT2440,1,20,6.5,0.044799317
KT2440,1,15,6.5,0.609270709
KT2440,1,10,6.5,1.480986219
KT2440,1,5,6.5,1.658141493
KT2440,1,2,6.5,1.619629477
KT2440,1,1,6.5,1.646587888
KT2440,1,0,6.5,1.638885485
KT2440,2,90,6.5,0.079148833
KT2440,2,70,6.5,0.040636817
KT2440,2,50,6.5,0.044488019
KT2440,2,25,6.5,0.036785615
KT2440,2,20,6.5,0.040319385
KT2440,2,15,6.5,0.577911187
KT2440,2,10,6.5,1.423218195
KT2440,2,5,6.5,1.50794463
KT2440,2,2,6.5,1.584968663
KT2440,2,1,6.5,1.565712655
KT2440,2,0,6.5,1.276872534
KT2440,3,90,6.5,0.09455364
KT2440,3,70,6.5,0.113809648
KT2440,3,50,6.5,0.063744027
KT2440,3,25,6.5,0.044488019
KT2440,3,20,6.5,0.044799317
KT2440,3,15,6.5,0.654070026
KT2440,3,10,6.5,1.561861453
KT2440,3,5,6.5,1.623480679
KT2440,3,2,6.5,1.577266259
KT2440,3,1,6.5,1.669695098
KT2440,3,0,6.5,1.419366993
KT2440,1,90,6.75,0.083000035
KT2440,1,70,6.75,0.04833922
KT2440,1,50,6.75,0.059892825
KT2440,1,25,6.75,0.044488019
KT2440,1,20,6.75,0.044799317
KT2440,1,15,6.75,0.716789069
KT2440,1,10,6.75,1.661992695
KT2440,1,5,6.75,1.816040759
KT2440,1,2,6.75,1.76982634
KT2440,1,1,6.75,1.777528743
KT2440,1,0,6.75,1.688951106
KT2440,2,90,6.75,0.079148833
KT2440,2,70,6.75,0.040636817
KT2440,2,50,6.75,0.044488019
KT2440,2,25,6.75,0.036785615
KT2440,2,20,6.75,0.035839453
KT2440,2,15,6.75,0.680949616
KT2440,2,10,6.75,1.477135018
KT2440,2,5,6.75,1.658141493
KT2440,2,2,6.75,1.712058316
KT2440,2,1,6.75,1.727463122
KT2440,2,0,6.75,1.569563856
KT2440,3,90,6.75,0.09455364
KT2440,3,70,6.75,0.09455364
KT2440,3,50,6.75,0.056041623
KT2440,3,25,6.75,0.044488019
KT2440,3,20,6.75,0.040319385
KT2440,3,15,6.75,0.766068318
KT2440,3,10,6.75,1.6735463
KT2440,3,5,6.75,1.750570332
KT2440,3,2,6.75,1.727463122
KT2440,3,1,6.75,1.873808783
KT2440,3,0,6.75,1.631183082
KT2440,1,90,7,0.079148833
KT2440,1,70,7,0.04833922
KT2440,1,50,7,0.059892825
KT2440,1,25,7,0.044488019
KT2440,1,20,7,0.044799317
KT2440,1,15,7,0.833267293
KT2440,1,10,7,1.819891961
KT2440,1,5,7,1.931576807
KT2440,1,2,7,1.885362388
KT2440,1,1,7,1.96238642
KT2440,1,0,7,1.850701574
KT2440,2,90,7,0.075297631
KT2440,2,70,7,0.040636817
KT2440,2,50,7,0.044488019
KT2440,2,25,7,0.036785615
KT2440,2,20,7,0.040319385
KT2440,2,15,7,0.797427839
KT2440,2,10,7,1.581117461
KT2440,2,5,7,1.816040759
KT2440,2,2,7,1.816040759
KT2440,2,1,7,1.893064791
KT2440,2,0,7,1.715909517
KT2440,3,90,7,0.09455364
KT2440,3,70,7,0.09455364
KT2440,3,50,7,0.059892825
KT2440,3,25,7,0.044488019
KT2440,3,20,7,0.044799317
KT2440,3,15,7,0.895986336
KT2440,3,10,7,1.789082348
KT2440,3,5,7,1.835296767
KT2440,3,2,7,1.916172001
KT2440,3,1,7,2.039410453
KT2440,3,0,7,1.846850372
KT2440,1,90,7.25,0.075164831
KT2440,1,70,7.25,0.04820642
KT2440,1,50,7.25,0.059760025
KT2440,1,25,7.25,0.044355219
KT2440,1,20,7.25,0.044799317
KT2440,1,15,7.25,0.967665243
KT2440,1,10,7.25,1.923741604
KT2440,1,5,7.25,1.969956024
KT2440,1,2,7.25,2.073938467
KT2440,1,1,7.25,2.139408894
KT2440,1,0,7.25,2.077789669
KT2440,2,90,7.25,0.075164831
KT2440,2,70,7.25,0.040504017
KT2440,2,50,7.25,0.044355219
KT2440,2,25,7.25,0.036652815
KT2440,2,20,7.25,0.040319385
KT2440,2,15,7.25,0.922865927
KT2440,2,10,7.25,1.74658633
KT2440,2,5,7.25,2.004616838
KT2440,2,2,7.25,2.004616838
KT2440,2,1,7.25,2.00846804
KT2440,2,0,7.25,1.896783193
KT2440,3,90,7.25,0.094420839
KT2440,3,70,7.25,0.094420839
KT2440,3,50,7.25,0.059760025
KT2440,3,25,7.25,0.044355219
KT2440,3,20,7.25,0.040319385
KT2440,3,15,7.25,1.034864219
KT2440,3,10,7.25,1.896783193
KT2440,3,5,7.25,1.877527185
KT2440,3,2,7.25,2.070087265
KT2440,3,1,7.25,2.131706491
KT2440,3,0,7.25,2.054682459
KT2440,1,90,7.5,0.075297631
KT2440,1,70,7.5,0.04833922
KT2440,1,50,7.5,0.059892825
KT2440,1,25,7.5,0.044488019
KT2440,1,20,7.5,0.044799317
KT2440,1,15,7.5,1.111023057
KT2440,1,10,7.5,2.162648904
KT2440,1,5,7.5,2.143392896
KT2440,1,2,7.5,2.270482549
KT2440,1,1,7.5,2.41682821
KT2440,1,0,7.5,2.235821735
KT2440,2,90,7.5,0.079148833
KT2440,2,70,7.5,0.040636817
KT2440,2,50,7.5,0.044488019
KT2440,2,25,7.5,0.036785615
KT2440,2,20,7.5,0.035839453
KT2440,2,15,7.5,1.06622374
KT2440,2,10,7.5,1.916172001
KT2440,2,5,7.5,2.116434485
KT2440,2,2,7.5,2.22426813
KT2440,2,1,7.5,2.178053711
KT2440,2,0,7.5,2.089476074
KT2440,3,90,7.5,0.098404841
KT2440,3,70,7.5,0.09455364
KT2440,3,50,7.5,0.07144643
KT2440,3,25,7.5,0.044488019
KT2440,3,20,7.5,0.040319385
KT2440,3,15,7.5,1.196141759
KT2440,3,10,7.5,2.185756114
KT2440,3,5,7.5,2.158797702
KT2440,3,2,7.5,2.22426813
KT2440,3,1,7.5,2.362911388
KT2440,3,0,7.5,2.216565727
KT2440,1,90,7.75,0.075430432
KT2440,1,70,7.75,0.04847202
KT2440,1,50,7.75,0.060025625
KT2440,1,25,7.75,0.044620819
KT2440,1,20,7.75,0.044799317
KT2440,1,15,7.75,1.267820666
KT2440,1,10,7.75,2.282168954
KT2440,1,5,7.75,2.255210543
KT2440,1,2,7.75,2.409258607
KT2440,1,1,7.75,2.478580236
KT2440,1,0,7.75,2.382300196
KT2440,2,90,7.75,0.075430432
KT2440,2,70,7.75,0.040769617
KT2440,2,50,7.75,0.044620819
KT2440,2,25,7.75,0.036918415
KT2440,2,20,7.75,0.040319385
KT2440,2,15,7.75,1.223021349
KT2440,2,10,7.75,2.066501664
KT2440,2,5,7.75,2.32068097
KT2440,2,2,7.75,2.34378818
KT2440,2,1,7.75,2.366895389
KT2440,2,0,7.75,2.208996123
KT2440,3,90,7.75,0.09468644
KT2440,3,70,7.75,0.079281633
KT2440,3,50,7.75,0.060025625
KT2440,3,25,7.75,0.044620819
KT2440,3,20,7.75,0.040319385
KT2440,3,15,7.75,1.361899231
KT2440,3,10,7.75,2.228252132
KT2440,3,5,7.75,2.32068097
KT2440,3,2,7.75,2.46317543
KT2440,3,1,7.75,2.586413881
KT2440,3,0,7.75,2.347639381
KT2440,1,90,8,0.075430432
KT2440,1,70,8,0.04847202
KT2440,1,50,8,0.060025625
KT2440,1,25,8,0.044620819
KT2440,1,20,8,0.044799317
KT2440,1,15,8,1.433578138
KT2440,1,10,8,2.332234575
KT2440,1,5,8,2.478580236
KT2440,1,2,8,2.601818688
KT2440,1,1,8,2.717354736
KT2440,1,0,8,2.555604268
KT2440,2,90,8,0.075430432
KT2440,2,70,8,0.040769617
KT2440,2,50,8,0.04847202
KT2440,2,25,8,0.033067214
KT2440,2,20,8,0.040319385
KT2440,2,15,8,1.397738685
KT2440,2,10,8,2.24750814
KT2440,2,5,8,2.544050664
KT2440,2,2,8,2.540199462
KT2440,2,1,8,2.586413881
KT2440,2,0,8,2.363044188
KT2440,3,90,8,0.09468644
KT2440,3,70,8,0.083132835
KT2440,3,50,8,0.075430432
KT2440,3,25,8,0.044620819
KT2440,3,20,8,0.044799317
KT2440,3,15,8,1.541096499
KT2440,3,10,8,2.401556204
KT2440,3,5,8,2.520943454
KT2440,3,2,8,2.717354736
KT2440,3,1,8,2.728908341
KT2440,3,0,8,2.505538647
KT2440,1,90,8.25,0.079281633
KT2440,1,70,8.25,0.04847202
KT2440,1,50,8.25,0.060025625
KT2440,1,25,8.25,0.044620819
KT2440,1,20,8.25,0.044799317
KT2440,1,15,8.25,1.608295474
KT2440,1,10,8.25,2.424663414
KT2440,1,5,8.25,2.671140317
KT2440,1,2,8.25,2.805932373
KT2440,1,1,8.25,2.906063615
KT2440,1,0,8.25,2.786676365
KT2440,2,90,8.25,0.07157923
KT2440,2,70,8.25,0.040769617
KT2440,2,50,8.25,0.044620819
KT2440,2,25,8.25,0.033067214
KT2440,2,20,8.25,0.040319385
KT2440,2,15,8.25,1.576935952
KT2440,2,10,8.25,2.424663414
KT2440,2,5,8.25,2.674991518
KT2440,2,2,8.25,2.744313147
KT2440,2,1,8.25,2.667289115
KT2440,2,0,8.25,2.486282639
KT2440,3,90,8.25,0.09468644
KT2440,3,70,8.25,0.063876827
KT2440,3,50,8.25,0.063876827
KT2440,3,25,8.25,0.044620819
KT2440,3,20,8.25,0.040319385
KT2440,3,15,8.25,1.733733561
KT2440,3,10,8.25,2.586413881
KT2440,3,5,8.25,2.755866752
KT2440,3,2,8.25,2.936873228
KT2440,3,1,8.25,2.859849196
KT2440,3,0,8.25,2.65573551
KT2440,1,90,8.5,0.079016033
KT2440,1,70,8.5,0.04820642
KT2440,1,50,8.5,0.059760025
KT2440,1,25,8.5,0.044355219
KT2440,1,20,8.5,0.040319385
KT2440,1,15,8.5,1.765093083
KT2440,1,10,8.5,2.601553088
KT2440,1,5,8.5,2.859583595
KT2440,1,2,8.5,3.005929257
KT2440,1,1,8.5,3.082953289
KT2440,1,0,8.5,2.959714837
KT2440,2,90,8.5,0.075164831
KT2440,2,70,8.5,0.040504017
KT2440,2,50,8.5,0.044355219
KT2440,2,25,8.5,0.036652815
KT2440,2,20,8.5,0.040319385
KT2440,2,15,8.5,1.733733561
KT2440,2,10,8.5,2.609255491
KT2440,2,5,8.5,2.828773983
KT2440,2,2,8.5,2.932756426
KT2440,2,1,8.5,2.805666773
KT2440,2,0,8.5,2.709386733
KT2440,3,90,8.5,0.094420839
KT2440,3,70,8.5,0.075164831
KT2440,3,50,8.5,0.075164831
KT2440,3,25,8.5,0.044355219
KT2440,3,20,8.5,0.044799317
KT2440,3,15,8.5,1.899491033
KT2440,3,10,8.5,2.747898749
KT2440,3,5,8.5,2.909649216
KT2440,3,2,8.5,3.075250886
KT2440,3,1,8.5,3.071399684
KT2440,3,0,8.5,2.840327587
KT2440,1,90,8.75,0.079016033
KT2440,1,70,8.75,0.04820642
KT2440,1,50,8.75,0.059760025
KT2440,1,25,8.75,0.044355219
KT2440,1,20,8.75,0.044799317
KT2440,1,15,8.75,1.903970965
KT2440,1,10,8.75,2.767154757
KT2440,1,5,8.75,3.13301891
KT2440,1,2,8.75,3.179233329
KT2440,1,1,8.75,3.25240616
KT2440,1,0,8.75,3.13301891
KT2440,2,90,8.75,0.079016033
KT2440,2,70,8.75,0.040504017
KT2440,2,50,8.75,0.044355219
KT2440,2,25,8.75,0.036652815
KT2440,2,20,8.75,0.040319385
KT2440,2,15,8.75,1.881571306
KT2440,2,10,8.75,2.771005958
KT2440,2,5,8.75,3.117614103
KT2440,2,2,8.75,3.163828523
KT2440,2,1,8.75,2.994375652
KT2440,2,0,8.75,2.898095612
KT2440,3,90,8.75,0.094420839
KT2440,3,70,8.75,0.079016033
KT2440,3,50,8.75,0.059760025
KT2440,3,25,8.75,0.044355219
KT2440,3,20,8.75,0.044799317
KT2440,3,15,8.75,2.05180871
KT2440,3,10,8.75,2.874988402
KT2440,3,5,8.75,3.260108563
KT2440,3,2,8.75,3.244703756
KT2440,3,1,8.75,3.210042942
KT2440,3,0,8.75,3.055994878
KT2440,1,90,9,0.075430432
KT2440,1,70,9,0.04847202
KT2440,1,50,9,0.060025625
KT2440,1,25,9,0.044620819
KT2440,1,20,9,0.044799317
KT2440,1,15,9,2.033888984
KT2440,1,10,9,2.936873228
KT2440,1,5,9,3.375910211
KT2440,1,2,9,3.449083042
KT2440,1,1,9,3.487595058
KT2440,1,0,9,3.329695792
KT2440,2,90,9,0.075430432
KT2440,2,70,9,0.040769617
KT2440,2,50,9,0.044620819
KT2440,2,25,9,0.033067214
KT2440,2,20,9,0.040319385
KT2440,2,15,9,2.011489325
KT2440,2,10,9,2.929170825
KT2440,2,5,9,3.399017421
KT2440,2,2,9,3.329695792
KT2440,2,1,9,3.233415752
KT2440,2,0,9,3.121730905
KT2440,3,90,9,0.09468644
KT2440,3,70,9,0.098537641
KT2440,3,50,9,0.063876827
KT2440,3,25,9,0.040769617
KT2440,3,20,9,0.044799317
KT2440,3,15,9,2.181726729
KT2440,3,10,9,3.021599663
KT2440,3,5,9,3.364356606
KT2440,3,2,9,3.452934244
KT2440,3,1,9,3.46833905
KT2440,3,0,9,3.268076566
KT2440,1,90,9.25,0.079148833
KT2440,1,70,9.25,0.04833922
KT2440,1,50,9.25,0.059892825
KT2440,1,25,9.25,0.040636817
KT2440,1,20,9.25,0.044799317
KT2440,1,15,9.25,2.145887276
KT2440,1,10,9.25,3.08693729
KT2440,1,5,9.25,3.610700709
KT2440,1,2,9.25,3.610700709
KT2440,1,1,9.25,3.66076633
KT2440,1,0,9.25,3.537527879
KT2440,2,90,9.25,0.075297631
KT2440,2,70,9.25,0.040636817
KT2440,2,50,9.25,0.044488019
KT2440,2,25,9.25,0.032934414
KT2440,2,20,9.25,0.040319385
KT2440,2,15,9.25,2.136927412
KT2440,2,10,9.25,3.044574073
KT2440,2,5,9.25,3.560635089
KT2440,2,2,9.25,3.552932685
KT2440,2,1,9.25,3.418140629
KT2440,2,0,9.25,3.341116597
KT2440,3,90,9.25,0.098404841
KT2440,3,70,9.25,0.086851236
KT2440,3,50,9.25,0.059892825
KT2440,3,25,9.25,0.044488019
KT2440,3,20,9.25,0.040319385
KT2440,3,15,9.25,2.311644748
KT2440,3,10,9.25,3.160110121
KT2440,3,5,9.25,3.653063927
KT2440,3,2,9.25,3.70698075
KT2440,3,1,9.25,3.610700709
KT2440,3,0,9.25,3.456652645
KT2440,1,90,9.5,0.079281633
KT2440,1,70,9.5,0.04847202
KT2440,1,50,9.5,0.060025625
KT2440,1,25,9.5,0.040769617
KT2440,1,20,9.5,0.040319385
KT2440,1,15,9.5,2.253405636
KT2440,1,10,9.5,3.25267176
KT2440,1,5,9.5,3.8265008
KT2440,1,2,9.5,3.811095993
KT2440,1,1,9.5,3.880417622
KT2440,1,0,9.5,3.722518356
KT2440,2,90,9.5,0.079281633
KT2440,2,70,9.5,0.040769617
KT2440,2,50,9.5,0.044620819
KT2440,2,25,9.5,0.033067214
KT2440,2,20,9.5,0.035839453
KT2440,2,15,9.5,2.244445773
KT2440,2,10,9.5,3.264225365
KT2440,2,5,9.5,3.853459211
KT2440,2,2,9.5,3.691708743
KT2440,2,1,9.5,3.61083351
KT2440,2,0,9.5,3.533809477
KT2440,3,90,9.5,0.09468644
KT2440,3,70,9.5,0.083132835
KT2440,3,50,9.5,0.075430432
KT2440,3,25,9.5,0.040769617
KT2440,3,20,9.5,0.040319385
KT2440,3,15,9.5,2.419163108
KT2440,3,10,9.5,3.306588582
KT2440,3,5,9.5,3.853459211
KT2440,3,2,9.5,3.891971227
KT2440,3,1,9.5,3.822649598
KT2440,3,0,9.5,3.664750332
KT2440,1,90,9.75,0.079148833
KT2440,1,70,9.75,0.04833922
KT2440,1,50,9.75,0.059892825
KT2440,1,25,9.75,0.040636817
KT2440,1,20,9.75,0.044799317
KT2440,1,15,9.75,2.356444065
KT2440,1,10,9.75,3.395033419
KT2440,1,5,9.75,4.030481685
KT2440,1,2,9.75,4.003523274
KT2440,1,1,9.75,4.04203529
KT2440,1,0,9.75,3.857177612
KT2440,2,90,9.75,0.075297631
KT2440,2,70,9.75,0.040636817
KT2440,2,50,9.75,0.044488019
KT2440,2,25,9.75,0.032934414
KT2440,2,20,9.75,0.035839453
KT2440,2,15,9.75,2.351964133
KT2440,2,10,9.75,3.383479814
KT2440,2,5,9.75,4.061291298
KT2440,2,2,9.75,3.89954083
KT2440,2,1,9.75,3.760897572
KT2440,2,0,9.75,3.676171137
KT2440,3,90,9.75,0.098404841
KT2440,3,70,9.75,0.083000035
KT2440,3,50,9.75,0.063744027
KT2440,3,25,9.75,0.040636817
KT2440,3,20,9.75,0.035839453
KT2440,3,15,9.75,2.5311614
KT2440,3,10,9.75,3.395033419
KT2440,3,5,9.75,4.011225677
KT2440,3,2,9.75,3.972713661
KT2440,3,1,9.75,3.94575525
KT2440,3,0,9.75,3.80326079
KT2440,1,90,10,0.079016033
KT2440,1,70,10,0.04820642
KT2440,1,50,10,0.059760025
KT2440,1,25,10,0.040504017
KT2440,1,20,10,0.040319385
KT2440,1,15,10,2.441562767
KT2440,1,10,10,3.56435349
KT2440,1,5,10,4.222908965
KT2440,1,2,10,4.215206562
KT2440,1,1,10,4.222908965
KT2440,1,0,10,4.061158498
KT2440,2,90,10,0.075164831
KT2440,2,70,10,0.040504017
KT2440,2,50,10,0.044355219
KT2440,2,25,10,0.032801614
KT2440,2,20,10,0.040319385
KT2440,2,15,10,2.446042698
KT2440,2,10,10,3.525841474
KT2440,2,5,10,4.238313772
KT2440,2,2,10,4.04190249
KT2440,2,1,10,3.961027256
KT2440,2,0,10,3.880152022
KT2440,3,90,10,0.094420839
KT2440,3,70,10,0.075164831
KT2440,3,50,10,0.067462428
KT2440,3,25,10,0.040504017
KT2440,3,20,10,0.040319385
KT2440,3,15,10,2.611800171
KT2440,3,10,10,3.614419111
KT2440,3,5,10,4.195950554
KT2440,3,2,10,4.203652957
KT2440,3,1,10,4.118926522
KT2440,3,0,10,3.999539272
KT2440,1,90,10.25,0.075164831
KT2440,1,70,10.25,0.04820642
KT2440,1,50,10.25,0.059760025
KT2440,1,25,10.25,0.040504017
KT2440,1,20,10.25,0.040319385
KT2440,1,15,10.25,2.508761742
KT2440,1,10,10.25,3.672187135
KT2440,1,5,10.25,4.411617844
KT2440,1,2,10.25,4.380808231
KT2440,1,1,10.25,4.369254627
KT2440,1,0,10.25,4.219057764
KT2440,2,90,10.25,0.075164831
KT2440,2,70,10.25,0.040504017
KT2440,2,50,10.25,0.044355219
KT2440,2,25,10.25,0.032801614
KT2440,2,20,10.25,0.035839453
KT2440,2,15,10.25,2.513241674
KT2440,2,10,10.25,3.672187135
KT2440,2,5,10.25,4.400064239
KT2440,2,2,10.25,4.184396949
KT2440,2,1,10.25,4.165140941
KT2440,2,0,10.25,4.026497683
KT2440,3,90,10.25,0.094420839
KT2440,3,70,10.25,0.086718436
KT2440,3,50,10.25,0.07131363
KT2440,3,25,10.25,0.040504017
KT2440,3,20,10.25,0.035839453
KT2440,3,15,10.25,2.687959009
KT2440,3,10,10.25,3.714550353
KT2440,3,5,10.25,4.338445014
KT2440,3,2,10.25,4.427022651
KT2440,3,1,10.25,4.346147417
KT2440,3,0,10.25,4.165140941
KT2440,1,90,10.5,0.075563232
KT2440,1,70,10.5,0.04860482
KT2440,1,50,10.5,0.060158425
KT2440,1,25,10.5,0.040902417
KT2440,1,20,10.5,0.044799317
KT2440,1,15,10.5,2.580440649
KT2440,1,10,10.5,3.807377592
KT2440,1,5,10.5,4.573766712
KT2440,1,2,10.5,4.523701091
KT2440,1,1,10.5,4.477486672
KT2440,1,0,10.5,4.373504228
KT2440,2,90,10.5,0.075563232
KT2440,2,70,10.5,0.040902417
KT2440,2,50,10.5,0.044753619
KT2440,2,25,10.5,0.033200014
KT2440,2,20,10.5,0.040319385
KT2440,2,15,10.5,2.589400512
KT2440,2,10,10.5,3.876699221
KT2440,2,5,10.5,4.515998688
KT2440,2,2,10.5,4.338843414
KT2440,2,1,10.5,4.323438607
KT2440,2,0,10.5,4.211753761
KT2440,3,90,10.5,0.09481924
KT2440,3,70,10.5,0.083265635
KT2440,3,50,10.5,0.07171203
KT2440,3,25,10.5,0.040902417
KT2440,3,20,10.5,0.040319385
KT2440,3,15,10.5,2.759637916
KT2440,3,10,10.5,3.872848019
KT2440,3,5,10.5,4.512147486
KT2440,3,2,10.5,4.489040277
KT2440,3,1,10.5,4.465933067
KT2440,3,0,10.5,4.334992212
KT2440,1,90,10.75,0.075563232
KT2440,1,70,10.75,0.04860482
KT2440,1,50,10.75,0.060158425
KT2440,1,25,10.75,0.040902417
KT2440,1,20,10.75,0.040319385
KT2440,1,15,10.75,2.638679761
KT2440,1,10,10.75,3.988384067
KT2440,1,5,10.75,4.700856365
KT2440,1,2,10.75,4.654641946
KT2440,1,1,10.75,4.619981131
KT2440,1,0,10.75,4.539105898
KT2440,2,90,10.75,0.07171203
KT2440,2,70,10.75,0.040902417
KT2440,2,50,10.75,0.044753619
KT2440,2,25,10.75,0.033200014
KT2440,2,20,10.75,0.035839453
KT2440,2,15,10.75,2.652119556
KT2440,2,10,10.75,3.992235269
KT2440,2,5,10.75,4.673897954
KT2440,2,2,10.75,4.489040277
KT2440,2,1,10.75,4.47363547
KT2440,2,0,10.75,4.381206632
KT2440,3,90,10.75,0.09481924
KT2440,3,70,10.75,0.079414433
KT2440,3,50,10.75,0.079414433
KT2440,3,25,10.75,0.040902417
KT2440,3,20,10.75,0.040319385
KT2440,3,15,10.75,2.813397096
KT2440,3,10,10.75,4.023044882
KT2440,3,5,10.75,4.627683535
KT2440,3,2,10.75,4.554510704
KT2440,3,1,10.75,4.566064309
KT2440,3,0,10.75,4.500593881
KT2440,1,90,11,0.079281633
KT2440,1,70,11,0.04847202
KT2440,1,50,11,0.060025625
KT2440,1,25,11,0.040769617
KT2440,1,20,11,0.040319385
KT2440,1,15,11,2.687959009
KT2440,1,10,11,4.203918557
KT2440,1,5,11,4.870176436
KT2440,1,2,11,4.750789186
KT2440,1,1,11,4.754640388
KT2440,1,0,11,4.770045194
KT2440,2,90,11,0.075430432
KT2440,2,70,11,0.040769617
KT2440,2,50,11,0.044620819
KT2440,2,25,11,0.033067214
KT2440,2,20,11,0.035839453
KT2440,2,15,11,2.696918873
KT2440,2,10,11,4.153852937
KT2440,2,5,11,4.785450001
KT2440,2,2,11,4.585187517
KT2440,2,1,11,4.589038718
KT2440,2,0,11,4.515865888
KT2440,3,90,11,0.09468644
KT2440,3,70,11,0.083132835
KT2440,3,50,11,0.07157923
KT2440,3,25,11,0.040769617
KT2440,3,20,11,0.040319385
KT2440,3,15,11,2.853716481
KT2440,3,10,11,4.153852937
KT2440,3,5,11,4.750789186
KT2440,3,2,11,4.677616355
KT2440,3,1,11,4.693021162
KT2440,3,0,11,4.642955541
KT2440,1,90,11.25,0.075297631
KT2440,1,70,11.25,0.04833922
KT2440,1,50,11.25,0.059892825
KT2440,1,25,11.25,0.040636817
KT2440,1,20,11.25,0.040319385
KT2440,1,15,11.25,2.710358668
KT2440,1,10,11.25,4.40019704
KT2440,1,5,11.25,4.974026079
KT2440,1,2,11.25,4.877746039
KT2440,1,1,11.25,4.870043636
KT2440,1,0,11.25,5.228205386
KT2440,2,90,11.25,0.075297631
KT2440,2,70,11.25,0.040636817
KT2440,2,50,11.25,0.044488019
KT2440,2,25,11.25,0.032934414
KT2440,2,20,11.25,0.035839453
KT2440,2,15,11.25,2.737238258
KT2440,2,10,11.25,4.311619402
KT2440,2,5,11.25,4.858490031
KT2440,2,2,11.25,4.715995572
KT2440,2,1,11.25,4.696739563
KT2440,2,0,11.25,4.685185959
KT2440,3,90,11.25,0.09455364
KT2440,3,70,11.25,0.07144643
KT2440,3,50,11.25,0.075297631
KT2440,3,25,11.25,0.040636817
KT2440,3,20,11.25,0.040319385
KT2440,3,15,11.25,2.885076003
KT2440,3,10,11.25,4.330875411
KT2440,3,5,11.25,4.846936426
KT2440,3,2,11.25,4.789168402
KT2440,3,1,11.25,4.83153162
KT2440,3,0,11.25,4.835382821
KT2440,1,90,11.5,0.075297631
KT2440,1,70,11.5,0.04833922
KT2440,1,50,11.5,0.059892825
KT2440,1,25,11.5,0.040636817
KT2440,1,20,11.5,0.040319385
KT2440,1,15,11.5,2.732758326
KT2440,1,10,11.5,4.558096306
KT2440,1,5,11.5,5.104966934
KT2440,1,2,11.5,5.027942902
KT2440,1,1,11.5,5.0240917
KT2440,1,0,11.5,5.763522409
KT2440,2,90,11.5,0.075297631
KT2440,2,70,11.5,0.040636817
KT2440,2,50,11.5,0.044488019
KT2440,2,25,11.5,0.032934414
KT2440,2,20,11.5,0.035839453
KT2440,2,15,11.5,2.759637916
KT2440,2,10,11.5,4.523435491
KT2440,2,5,11.5,4.935514063
KT2440,2,2,11.5,4.850787628
KT2440,2,1,11.5,4.823829217
KT2440,2,0,11.5,4.866192434
KT2440,3,90,11.5,0.09455364
KT2440,3,70,11.5,0.075297631
KT2440,3,50,11.5,0.075297631
KT2440,3,25,11.5,0.040636817
KT2440,3,20,11.5,0.035839453
KT2440,3,15,11.5,2.907475662
KT2440,3,10,11.5,4.407899443
KT2440,3,5,11.5,4.958621273
KT2440,3,2,11.5,4.908555652
KT2440,3,1,11.5,4.931662862
KT2440,3,0,11.5,5.35914624
KT2440,1,90,11.75,0.075430432
KT2440,1,70,11.75,0.04847202
KT2440,1,50,11.75,0.060025625
KT2440,1,25,11.75,0.040769617
KT2440,1,20,11.75,0.040319385
KT2440,1,15,11.75,2.750678053
KT2440,1,10,11.75,4.704574767
KT2440,1,5,11.75,5.224486984
KT2440,1,2,11.75,5.124355742
KT2440,1,1,11.75,5.151314154
KT2440,1,0,11.75,5.71744079
KT2440,2,90,11.75,0.07157923
KT2440,2,70,11.75,0.040769617
KT2440,2,50,11.75,0.044620819
KT2440,2,25,11.75,0.033067214
KT2440,2,20,11.75,0.035839453
KT2440,2,15,11.75,2.790997438
KT2440,2,10,11.75,4.642955541
KT2440,2,5,11.75,5.062736516
KT2440,2,2,11.75,4.943349267
KT2440,2,1,11.75,4.943349267
KT2440,2,0,11.75,5.486368694
KT2440,3,90,11.75,0.09468644
KT2440,3,70,11.75,0.067728028
KT2440,3,50,11.75,0.07157923
KT2440,3,25,11.75,0.044620819
KT2440,3,20,11.75,0.035839453
KT2440,3,15,11.75,2.934355252
KT2440,3,10,11.75,4.550526702
KT2440,3,5,11.75,5.039629307
KT2440,3,2,11.75,5.016522097
KT2440,3,1,11.75,5.035778105
KT2440,3,0,11.75,5.856084048
KT2440,1,90,12,0.075563232
KT2440,1,70,12,0.04860482
KT2440,1,50,12,0.060158425
KT2440,1,25,12,0.040902417
KT2440,1,20,12,0.040319385
KT2440,1,15,12,2.76859778
KT2440,1,10,12,4.820243615
KT2440,1,5,12,5.505757502
KT2440,1,2,12,5.232322187
KT2440,1,1,12,5.463394284
KT2440,1,0,12,5.694466381
KT2440,2,90,12,0.075563232
KT2440,2,70,12,0.040902417
KT2440,2,50,12,0.044753619
KT2440,2,25,12,0.033200014
KT2440,2,20,12,0.035839453
KT2440,2,15,12,2.82235696
KT2440,2,10,12,4.720112373
KT2440,2,5,12,5.163000558
KT2440,2,2,12,5.07057172
KT2440,2,1,12,5.055166913
KT2440,2,0,12,5.890877663
KT2440,3,90,12,0.09481924
KT2440,3,70,12,0.083265635
KT2440,3,50,12,0.083265635
KT2440,3,25,12,0.040902417
KT2440,3,20,12,0.040319385
KT2440,3,15,12,2.95675491
KT2440,3,10,12,4.654641946
KT2440,3,5,12,5.136042147
KT2440,3,2,12,5.120637341
KT2440,3,1,12,5.151446954
KT2440,3,0,12,5.906282469
KT2440,1,90,12.25,0.075430432
KT2440,1,70,12.25,0.04847202
KT2440,1,50,12.25,0.060025625
KT2440,1,25,12.25,0.040769617
KT2440,1,20,12.25,0.040319385
KT2440,1,15,12.25,2.782037575
KT2440,1,10,12.25,4.939498065
KT2440,1,5,12.25,5.871488855
KT2440,1,2,12.25,5.528731911
KT2440,1,1,12.25,5.898447266
KT2440,1,0,12.25,5.563392726
KT2440,2,90,12.25,0.075430432
KT2440,2,70,12.25,0.040769617
KT2440,2,50,12.25,0.044620819
KT2440,2,25,12.25,0.033067214
KT2440,2,20,12.25,0.035839453
KT2440,2,15,12.25,2.844756618
KT2440,2,10,12.25,4.85477163
KT2440,2,5,12.25,5.270701403
KT2440,2,2,12.25,5.193677371
KT2440,2,1,12.25,5.174421363
KT2440,2,0,12.25,5.875340056
KT2440,3,90,12.25,0.09468644
KT2440,3,70,12.25,0.067728028
KT2440,3,50,12.25,0.07157923
KT2440,3,25,12.25,0.044620819
KT2440,3,20,12.25,0.035839453
KT2440,3,15,12.25,2.965714774
KT2440,3,10,12.25,4.785450001
KT2440,3,5,12.25,5.224486984
KT2440,3,2,12.25,5.205230976
KT2440,3,1,12.25,5.262999
KT2440,3,0,12.25,5.744399201
KT2440,1,90,12.5,0.075696032
KT2440,1,70,12.5,0.04873762
KT2440,1,50,12.5,0.060291225
KT2440,1,25,12.5,0.041035217
KT2440,1,20,12.5,0.040319385
KT2440,1,15,12.5,2.790997438
KT2440,1,10,12.5,5.055299713
KT2440,1,5,12.5,5.887159261
KT2440,1,2,12.5,5.921820076
KT2440,1,1,12.5,5.902564068
KT2440,1,0,12.5,5.444271076
KT2440,2,90,12.5,0.075696032
KT2440,2,70,12.5,0.041035217
KT2440,2,50,12.5,0.044886419
KT2440,2,25,12.5,0.033332814
KT2440,2,20,12.5,0.035839453
KT2440,2,15,12.5,2.858196413
KT2440,2,10,12.5,5.009085294
KT2440,2,5,12.5,5.482783092
KT2440,2,2,12.5,5.274818205
KT2440,2,1,12.5,5.394205455
KT2440,2,0,12.5,5.783176818
KT2440,3,90,12.5,0.09495204
KT2440,3,70,12.5,0.067993628
KT2440,3,50,12.5,0.067993628
KT2440,3,25,12.5,0.04873762
KT2440,3,20,12.5,0.035839453
KT2440,3,15,12.5,2.9836345
KT2440,3,10,12.5,4.916656455
KT2440,3,5,12.5,5.321032624
KT2440,3,2,12.5,5.278669407
KT2440,3,1,12.5,5.532848713
KT2440,3,0,12.5,5.517443907
KT2440,1,90,12.75,0.075164831
KT2440,1,70,12.75,0.04820642
KT2440,1,50,12.75,0.059760025
KT2440,1,25,12.75,0.040504017
KT2440,1,20,12.75,0.040319385
KT2440,1,15,12.75,2.799957301
KT2440,1,10,12.75,5.154899755
KT2440,1,5,12.75,5.771092013
KT2440,1,2,12.75,6.040676125
KT2440,1,1,12.75,5.878925658
KT2440,1,0,12.75,5.47840069
KT2440,2,90,12.75,0.075164831
KT2440,2,70,12.75,0.040504017
KT2440,2,50,12.75,0.044355219
KT2440,2,25,12.75,0.032801614
KT2440,2,20,12.75,0.035839453
KT2440,2,15,12.75,2.871636208
KT2440,2,10,12.75,5.112536537
KT2440,2,5,12.75,5.863520851
KT2440,2,2,12.75,5.566978327
KT2440,2,1,12.75,5.659407166
KT2440,2,0,12.75,5.751836005
KT2440,3,90,12.75,0.094420839
KT2440,3,70,12.75,0.07131363
KT2440,3,50,12.75,0.075164831
KT2440,3,25,12.75,0.044355219
KT2440,3,20,12.75,0.035839453
KT2440,3,15,12.75,2.992594364
KT2440,3,10,12.75,4.993149287
KT2440,3,5,12.75,5.543871118
KT2440,3,2,12.75,5.493805497
KT2440,3,1,12.75,5.821157634
KT2440,3,0,12.75,5.470698287
KT2440,1,90,13,0.075563232
KT2440,1,70,13,0.04860482
KT2440,1,50,13,0.060158425
KT2440,1,25,13,0.040902417
KT2440,1,20,13,0.040319385
KT2440,1,15,13,2.813397096
KT2440,1,10,13,5.243875792
KT2440,1,5,13,5.682912776
KT2440,1,2,13,6.014116114
KT2440,1,1,13,5.555823123
KT2440,1,0,13,5.517311107
KT2440,2,90,13,0.07171203
KT2440,2,70,13,0.040902417
KT2440,2,50,13,0.044753619
KT2440,2,25,13,0.033200014
KT2440,2,20,13,0.035839453
KT2440,2,15,13,2.880596072
KT2440,2,10,13,5.197661373
KT2440,2,5,13,5.898580066
KT2440,2,2,13,5.890877663
KT2440,2,1,13,5.994860106
KT2440,2,0,13,5.463394284
KT2440,3,90,13,0.09481924
KT2440,3,70,13,0.067860828
KT2440,3,50,13,0.079414433
KT2440,3,25,13,0.044753619
KT2440,3,20,13,0.035839453
KT2440,3,15,13,3.006034159
KT2440,3,10,13,5.07057172
KT2440,3,5,13,5.86006805
KT2440,3,2,13,5.833109639
KT2440,3,1,13,6.006413711
KT2440,3,0,13,5.521162308
KT2440,1,90,13.25,0.075696032
KT2440,1,70,13.25,0.04873762
KT2440,1,50,13.25,0.060291225
KT2440,1,25,13.25,0.037184016
KT2440,1,20,13.25,0.040319385
KT2440,1,15,13.25,2.835796755
KT2440,1,10,13.25,5.328735028
KT2440,1,5,13.25,5.640682358
KT2440,1,2,13.25,5.748516003
KT2440,1,1,13.25,5.374949447
KT2440,1,0,13.25,5.567509528
KT2440,2,90,13.25,0.075696032
KT2440,2,70,13.25,0.041035217
KT2440,2,50,13.25,0.044886419
KT2440,2,25,13.25,0.033332814
KT2440,2,20,13.25,0.035839453
KT2440,2,15,13.25,2.90299573
KT2440,2,10,13.25,5.290223012
KT2440,2,5,13.25,5.960332092
KT2440,2,2,13.25,6.033504922
KT2440,2,1,13.25,5.975736898
KT2440,2,0,13.25,5.521295108
KT2440,3,90,13.25,0.09495204
KT2440,3,70,13.25,0.07184483
KT2440,3,50,13.25,0.067993628
KT2440,3,25,13.25,0.044886419
KT2440,3,20,13.25,0.035839453
KT2440,3,15,13.25,3.028433817
KT2440,3,10,13.25,5.159282157
KT2440,3,5,13.25,5.910266471
KT2440,3,2,13.25,5.9795881
KT2440,3,1,13.25,6.010397713
KT2440,3,0,13.25,5.532848713
KT2440,1,90,13.5,0.075563232
KT2440,1,70,13.5,0.04860482
KT2440,1,50,13.5,0.060158425
KT2440,1,25,13.5,0.037051215
KT2440,1,20,13.5,0.040319385
KT2440,1,15,13.5,2.840276686
KT2440,1,10,13.5,5.421031066
KT2440,1,5,13.5,5.432584671
KT2440,1,2,13.5,5.401775058
KT2440,1,1,13.5,5.390221453
KT2440,1,0,13.5,5.62129355
KT2440,2,90,13.5,0.07171203
KT2440,2,70,13.5,0.040902417
KT2440,2,50,13.5,0.044753619
KT2440,2,25,13.5,0.033200014
KT2440,2,20,13.5,0.035839453
KT2440,2,15,13.5,2.907475662
KT2440,2,10,13.5,5.359411841
KT2440,2,5,13.5,5.921687276
KT2440,2,2,13.5,6.029520921
KT2440,2,1,13.5,5.744532002
KT2440,2,0,13.5,5.536567115
KT2440,3,90,13.5,0.09481924
KT2440,3,70,13.5,0.060158425
KT2440,3,50,13.5,0.07171203
KT2440,3,25,13.5,0.04860482
KT2440,3,20,13.5,0.035839453
KT2440,3,15,13.5,3.028433817
KT2440,3,10,13.5,5.236173389
KT2440,3,5,13.5,5.952496888
KT2440,3,2,13.5,5.948645687
KT2440,3,1,13.5,5.890877663
KT2440,3,0,13.5,5.582781534
KT2440,1,90,13.75,0.079547233
KT2440,1,70,13.75,0.04873762
KT2440,1,50,13.75,0.060291225
KT2440,1,25,13.75,0.037184016
KT2440,1,20,13.75,0.040319385
KT2440,1,15,13.75,2.858196413
KT2440,1,10,13.75,5.494336697
KT2440,1,5,13.75,5.448122278
KT2440,1,2,13.75,5.390354253
KT2440,1,1,13.75,5.448122278
KT2440,1,0,13.75,5.671491971
KT2440,2,90,13.75,0.075696032
KT2440,2,70,13.75,0.041035217
KT2440,2,50,13.75,0.044886419
KT2440,2,25,13.75,0.033332814
KT2440,2,20,13.75,0.035839453
KT2440,2,15,13.75,2.92987532
KT2440,2,10,13.75,5.417312665
KT2440,2,5,13.75,5.952629689
KT2440,2,2,13.75,5.917968874
KT2440,2,1,13.75,5.563658326
KT2440,2,0,13.75,5.579063132
KT2440,3,90,13.75,0.09495204
KT2440,3,70,13.75,0.067993628
KT2440,3,50,13.75,0.075696032
KT2440,3,25,13.75,0.041035217
KT2440,3,20,13.75,0.035839453
KT2440,3,15,13.75,3.046353544
KT2440,3,10,13.75,5.328735028
KT2440,3,5,13.75,5.960332092
KT2440,3,2,13.75,5.71770639
KT2440,3,1,13.75,5.663789568
KT2440,3,0,13.75,5.625277552
KT2440,1,90,14,0.075430432
KT2440,1,70,14,0.04847202
KT2440,1,50,14,0.060025625
KT2440,1,25,14,0.036918415
KT2440,1,20,14,0.040319385
KT2440,1,15,14,2.867156277
KT2440,1,10,14,5.574946331
KT2440,1,5,14,5.470963887
KT2440,1,2,14,5.432451871
KT2440,1,1,14,5.509475903
KT2440,1,0,14,5.698184782
KT2440,2,90,14,0.075430432
KT2440,2,70,14,0.040769617
KT2440,2,50,14,0.044620819
KT2440,2,25,14,0.033067214
KT2440,2,20,14,0.035839453
KT2440,2,15,14,2.947795047
KT2440,2,10,14,5.486368694
KT2440,2,5,14,5.863786451
KT2440,2,2,14,5.532583113
KT2440,2,1,14,5.467112686
KT2440,2,0,14,5.613458347
KT2440,3,90,14,0.09468644
KT2440,3,70,14,0.067728028
KT2440,3,50,14,0.067728028
KT2440,3,25,14,0.040769617
KT2440,3,20,14,0.035839453
KT2440,3,15,14,3.068753202
KT2440,3,10,14,5.413195863
KT2440,3,5,14,5.975471298
KT2440,3,2,14,5.494071097
KT2440,3,1,14,5.590351137
KT2440,3,0,14,5.655821564
KT2440,1,90,14.25,0.075696032
KT2440,1,70,14.25,0.04873762
KT2440,1,50,14.25,0.060291225
KT2440,1,25,14.25,0.037184016
KT2440,1,20,14.25,0.040319385
KT2440,1,15,14.25,2.885076003
KT2440,1,10,14.25,5.62142635
KT2440,1,5,14.25,5.490485495
KT2440,1,2,14.25,5.490485495
KT2440,1,1,14.25,5.559807124
KT2440,1,0,14.25,5.710003987
KT2440,2,90,14.25,0.07184483
KT2440,2,70,14.25,0.041035217
KT2440,2,50,14.25,0.044886419
KT2440,2,25,14.25,0.033332814
KT2440,2,20,14.25,0.035839453
KT2440,2,15,14.25,2.95675491
KT2440,2,10,14.25,5.540551116
KT2440,2,5,14.25,5.683045576
KT2440,2,2,14.25,5.471229487
KT2440,2,1,14.25,5.440419874
KT2440,2,0,14.25,5.652235963
KT2440,3,90,14.25,0.09495204
KT2440,3,70,14.25,0.064142427
KT2440,3,50,14.25,0.079547233
KT2440,3,25,14.25,0.041035217
KT2440,3,20,14.25,0.035839453
KT2440,3,15,14.25,3.082192997
KT2440,3,10,14.25,5.482783092
KT2440,3,5,14.25,5.910266471
KT2440,3,2,14.25,5.417312665
KT2440,3,1,14.25,5.451973479
KT2440,3,0,14.25,5.694599181
KT2440,1,90,14.5,0.075563232
KT2440,1,70,14.5,0.04860482
KT2440,1,50,14.5,0.060158425
KT2440,1,25,14.5,0.037051215
KT2440,1,20,14.5,0.040319385
KT2440,1,15,14.5,2.894035867
KT2440,1,10,14.5,5.655954364
KT2440,1,5,14.5,5.521162308
KT2440,1,2,14.5,5.548120719
KT2440,1,1,14.5,5.59818634
KT2440,1,0,14.5,5.732978397
KT2440,2,90,14.5,0.07171203
KT2440,2,70,14.5,0.040902417
KT2440,2,50,14.5,0.044753619
KT2440,2,25,14.5,0.033200014
KT2440,2,20,14.5,0.035839453
KT2440,2,15,14.5,2.974674637
KT2440,2,10,14.5,5.594335139
KT2440,2,5,14.5,5.609739945
KT2440,2,2,14.5,5.432584671
KT2440,2,1,14.5,5.459543082
KT2440,2,0,14.5,5.686763977
KT2440,3,90,14.5,0.09481924
KT2440,3,70,14.5,0.064009627
KT2440,3,50,14.5,0.067860828
KT2440,3,25,14.5,0.040902417
KT2440,3,20,14.5,0.035839453
KT2440,3,15,14.5,3.091152861
KT2440,3,10,14.5,5.548120719
KT2440,3,5,14.5,5.867770453
KT2440,3,2,14.5,5.447989478
KT2440,3,1,14.5,5.521162308
KT2440,3,0,14.5,5.721424792
KT2440,1,90,14.75,0.075297631
KT2440,1,70,14.75,0.04833922
KT2440,1,50,14.75,0.059892825
KT2440,1,25,14.75,0.036785615
KT2440,1,20,14.75,0.040319385
KT2440,1,15,14.75,2.889555935
KT2440,1,10,14.75,5.705754385
KT2440,1,5,14.75,5.551706321
KT2440,1,2,14.75,5.594069539
KT2440,1,1,14.75,5.647986361
KT2440,1,0,14.75,5.751968805
KT2440,2,90,14.75,0.075297631
KT2440,2,70,14.75,0.040636817
KT2440,2,50,14.75,0.044488019
KT2440,2,25,14.75,0.032934414
KT2440,2,20,14.75,0.035839453
KT2440,2,15,14.75,2.974674637
KT2440,2,10,14.75,5.667242369
KT2440,2,5,14.75,5.517045506
KT2440,2,2,14.75,5.486235894
KT2440,2,1,14.75,5.52474791
KT2440,2,0,14.75,5.725010393
KT2440,3,90,14.75,0.09455364
KT2440,3,70,14.75,0.059892825
KT2440,3,50,14.75,0.07144643
KT2440,3,25,14.75,0.040636817
KT2440,3,20,14.75,0.035839453
KT2440,3,15,14.75,3.104592656
KT2440,3,10,14.75,5.613325547
KT2440,3,5,14.75,5.663391168
KT2440,3,2,14.75,5.482384692
KT2440,3,1,14.75,5.570962329
KT2440,3,0,14.75,5.748117603
KT2440,1,90,15,0.075828832
KT2440,1,70,15,0.04887042
KT2440,1,50,15,0.060424025
KT2440,1,25,15,0.037316816
KT2440,1,20,15,0.040319385
KT2440,1,15,15,2.907475662
KT2440,1,10,15,5.744797602
KT2440,1,5,15,5.571493529
KT2440,1,2,15,5.640815158
KT2440,1,1,15,5.698583182
KT2440,1,0,15,5.767904811
KT2440,2,90,15,0.075828832
KT2440,2,70,15,0.041168017
KT2440,2,50,15,0.045019219
KT2440,2,25,15,0.033465614
KT2440,2,20,15,0.031359522
KT2440,2,15,15,2.988114432
KT2440,2,10,15,5.721690392
KT2440,2,5,15,5.54838632
KT2440,2,2,15,5.521427908
KT2440,2,1,15,5.575344731
KT2440,2,0,15,5.756351206
KT2440,3,90,15,0.09508484
KT2440,3,70,15,0.060424025
KT2440,3,50,15,0.075828832
KT2440,3,25,15,0.041168017
KT2440,3,20,15,0.035839453
KT2440,3,15,15,3.113552519
KT2440,3,10,15,5.660071166
KT2440,3,5,15,5.552237521
KT2440,3,2,15,5.532981513
KT2440,3,1,15,5.617707948
KT2440,3,0,15,5.771756013
KT2440,1,90,15.25,0.075164831
KT2440,1,70,15.25,0.098272041
KT2440,1,50,15.25,0.086718436
KT2440,1,25,15.25,0.052057622
KT2440,1,20,15.25,0.040319385
KT2440,1,15,15.25,2.934355252
KT2440,1,10,15.25,5.613192747
KT2440,1,5,15.25,5.447591077
KT2440,1,2,15.25,5.513061505
KT2440,1,1,15.25,5.559275924
KT2440,1,0,15.25,5.38212065
KT2440,2,90,15.25,0.079016033
KT2440,2,70,15.25,0.07131363
KT2440,2,50,15.25,0.075164831
KT2440,2,25,15.25,0.044355219
KT2440,2,20,15.25,0.035839453
KT2440,2,15,15.25,3.014994022
KT2440,2,10,15.25,5.69406798
KT2440,2,5,15.25,5.470698287
KT2440,2,2,15.25,5.5015079
KT2440,2,1,15.25,5.536168714
KT2440,2,0,15.25,5.509210303
KT2440,3,90,15.25,0.098272041
KT2440,3,70,15.25,0.067462428
KT2440,3,50,15.25,0.079016033
KT2440,3,25,15.25,0.055908823
KT2440,3,20,15.25,0.035839453
KT2440,3,15,15.25,3.135952177
KT2440,3,10,15.25,5.678663174
KT2440,3,5,15.25,5.412930263
KT2440,3,2,15.25,5.516912706
KT2440,3,1,15.25,5.582383134
KT2440,3,0,15.25,5.38212065
KT2440,1,90,15.5,0.075164831
KT2440,1,70,15.5,0.04820642
KT2440,1,50,15.5,0.055908823
KT2440,1,25,15.5,0.036652815
KT2440,1,20,15.5,0.040319385
KT2440,1,15,15.5,2.92987532
KT2440,1,10,15.5,5.898181666
KT2440,1,5,15.5,5.647853561
KT2440,1,2,15.5,5.744133601
KT2440,1,1,15.5,5.774943214
KT2440,1,0,15.5,5.713323988
KT2440,2,90,15.5,0.079016033
KT2440,2,70,15.5,0.040504017
KT2440,2,50,15.5,0.044355219
KT2440,2,25,15.5,0.028950412
KT2440,2,20,15.5,0.035839453
KT2440,2,15,15.5,3.023953885
KT2440,2,10,15.5,5.890479263
KT2440,2,5,15.5,5.582383134
KT2440,2,2,15.5,5.632448755
KT2440,2,1,15.5,5.678663174
KT2440,2,0,15.5,5.71717519
KT2440,3,90,15.5,0.098272041
KT2440,3,70,15.5,0.090569638
KT2440,3,50,15.5,0.082867235
KT2440,3,25,15.5,0.040504017
KT2440,3,20,15.5,0.035839453
KT2440,3,15,15.5,3.144912041
KT2440,3,10,15.5,5.85966965
KT2440,3,5,15.5,5.543871118
KT2440,3,2,15.5,5.62089515
KT2440,3,1,15.5,5.697919182
KT2440,3,0,15.5,5.736431198
KT2440,1,90,15.75,0.075696032
KT2440,1,70,15.75,0.04873762
KT2440,1,50,15.75,0.056440024
KT2440,1,25,15.75,0.037184016
KT2440,1,20,15.75,0.040319385
KT2440,1,15,15.75,2.952274979
KT2440,1,10,15.75,5.93337368
KT2440,1,5,15.75,5.663789568
KT2440,1,2,15.75,5.76392081
KT2440,1,1,15.75,5.787028019
KT2440,1,0,15.75,5.721557592
KT2440,2,90,15.75,0.075696032
KT2440,2,70,15.75,0.041035217
KT2440,2,50,15.75,0.044886419
KT2440,2,25,15.75,0.029481612
KT2440,2,20,15.75,0.035839453
KT2440,2,15,15.75,3.041873612
KT2440,2,10,15.75,5.944927285
KT2440,2,5,15.75,5.62142635
KT2440,2,2,15.75,5.683045576
KT2440,2,1,15.75,5.71770639
KT2440,2,0,15.75,5.694599181
KT2440,3,90,15.75,0.098803241
KT2440,3,70,15.75,0.07184483
KT2440,3,50,15.75,0.083398435
KT2440,3,25,15.75,0.041035217
KT2440,3,20,15.75,0.035839453
KT2440,3,15,15.75,3.158351836
KT2440,3,10,15.75,5.856349648
KT2440,3,5,15.75,5.582914334
KT2440,3,2,15.75,5.667640769
KT2440,3,1,15.75,5.733111197
KT2440,3,0,15.75,5.733111197
KT2440,1,90,16,0.075696032
KT2440,1,70,16,0.04873762
KT2440,1,50,16,0.056440024
KT2440,1,25,16,0.037184016
KT2440,1,20,16,0.040319385
KT2440,1,15,16,2.952274979
KT2440,1,10,16,5.968034495
KT2440,1,5,16,5.663789568
KT2440,1,2,16,5.775474414
KT2440,1,1,16,5.790879221
KT2440,1,0,16,5.721557592
KT2440,2,90,16,0.075696032
KT2440,2,70,16,0.044886419
KT2440,2,50,16,0.052588822
KT2440,2,25,16,0.029481612
KT2440,2,20,16,0.035839453
KT2440,2,15,16,3.046353544
KT2440,2,10,16,5.994992906
KT2440,2,5,16,5.648384761
KT2440,2,2,16,5.721557592
KT2440,2,1,16,5.752367205
KT2440,2,0,16,5.690747979
KT2440,3,90,16,0.098803241
KT2440,3,70,16,0.083398435
KT2440,3,50,16,0.091100838
KT2440,3,25,16,0.041035217
KT2440,3,20,16,0.040319385
KT2440,3,15,16,3.167311699
KT2440,3,10,16,5.887159261
KT2440,3,5,16,5.602170342
KT2440,3,2,16,5.698450382
KT2440,3,1,16,5.76392081
KT2440,3,0,16,5.736962398
KT2440,1,90,16.25,0.075696032
KT2440,1,70,16.25,0.04873762
KT2440,1,50,16.25,0.056440024
KT2440,1,25,16.25,0.037184016
KT2440,1,20,16.25,0.040319385
KT2440,1,15,16.25,2.970194705
KT2440,1,10,16.25,6.045058527
KT2440,1,5,16.25,5.686896777
KT2440,1,2,16.25,5.798581624
KT2440,1,1,16.25,5.802432826
KT2440,1,0,16.25,5.710003987
KT2440,2,90,16.25,0.075696032
KT2440,2,70,16.25,0.041035217
KT2440,2,50,16.25,0.044886419
KT2440,2,25,16.25,0.029481612
KT2440,2,20,16.25,0.035839453
KT2440,2,15,16.25,3.068753202
KT2440,2,10,16.25,6.033504922
KT2440,2,5,16.25,5.659938366
KT2440,2,2,16.25,5.744664802
KT2440,2,1,16.25,5.771623213
KT2440,2,0,16.25,5.690747979
KT2440,3,90,16.25,0.098803241
KT2440,3,70,16.25,0.064142427
KT2440,3,50,16.25,0.083398435
KT2440,3,25,16.25,0.041035217
KT2440,3,20,16.25,0.040319385
KT2440,3,15,16.25,3.185231426
KT2440,3,10,16.25,5.960332092
KT2440,3,5,16.25,5.617575148
KT2440,3,2,16.25,5.725408794
KT2440,3,1,16.25,5.779325616
KT2440,3,0,16.25,5.733111197
KT2440,1,90,16.5,0.079547233
KT2440,1,70,16.5,0.04873762
KT2440,1,50,16.5,0.056440024
KT2440,1,25,16.5,0.037184016
KT2440,1,20,16.5,0.040319385
KT2440,1,15,16.5,2.974674637
KT2440,1,10,16.5,6.072016938
KT2440,1,5,16.5,5.702301584
KT2440,1,2,16.5,5.817837632
KT2440,1,1,16.5,5.813986431
KT2440,1,0,16.5,5.721557592
KT2440,2,90,16.5,0.075696032
KT2440,2,70,16.5,0.041035217
KT2440,2,50,16.5,0.044886419
KT2440,2,25,16.5,0.029481612
KT2440,2,20,16.5,0.035839453
KT2440,2,15,16.5,3.073233134
KT2440,2,10,16.5,6.07586814
KT2440,2,5,16.5,5.683045576
KT2440,2,2,16.5,5.771623213
KT2440,2,1,16.5,5.790879221
KT2440,2,0,16.5,5.698450382
KT2440,3,90,16.5,0.098803241
KT2440,3,70,16.5,0.056440024
KT2440,3,50,16.5,0.091100838
KT2440,3,25,16.5,0.044886419
KT2440,3,20,16.5,0.040319385
KT2440,3,15,16.5,3.189711358
KT2440,3,10,16.5,5.998844108
KT2440,3,5,16.5,5.636831156
KT2440,3,2,16.5,5.752367205
KT2440,3,1,16.5,5.794730422
KT2440,3,0,16.5,5.729259995
KT2440,1,90,16.75,0.075828832
KT2440,1,70,16.75,0.04887042
KT2440,1,50,16.75,0.056572824
KT2440,1,25,16.75,0.037316816
KT2440,1,20,16.75,0.040319385
KT2440,1,15,16.75,2.965714774
KT2440,1,10,16.75,6.09910815
KT2440,1,5,16.75,5.725541594
KT2440,1,2,16.75,5.833375239
KT2440,1,1,16.75,5.833375239
KT2440,1,0,16.75,5.733243997
KT2440,2,90,16.75,0.075828832
KT2440,2,70,16.75,0.041168017
KT2440,2,50,16.75,0.045019219
KT2440,2,25,16.75,0.029614412
KT2440,2,20,16.75,0.035839453
KT2440,2,15,16.75,3.073233134
KT2440,2,10,16.75,6.110661755
KT2440,2,5,16.75,5.706285586
KT2440,2,2,16.75,5.794863223
KT2440,2,1,16.75,5.810268029
KT2440,2,0,16.75,5.710136787
KT2440,3,90,16.75,0.098936041
KT2440,3,70,16.75,0.052721622
KT2440,3,50,16.75,0.087382437
KT2440,3,25,16.75,0.041168017
KT2440,3,20,16.75,0.040319385
KT2440,3,15,16.75,3.198671221
KT2440,3,10,16.75,6.025935319
KT2440,3,5,16.75,5.663922368
KT2440,3,2,16.75,5.775607215
KT2440,3,1,16.75,5.814119231
KT2440,3,0,16.75,5.737095198
KT2440,1,90,17,0.075961632
KT2440,1,70,17,0.04900322
KT2440,1,50,17,0.056705624
KT2440,1,25,17,0.037449616
KT2440,1,20,17,0.040319385
KT2440,1,15,17,2.974674637
KT2440,1,10,17,6.122348159
KT2440,1,5,17,5.733376797
KT2440,1,2,17,5.83735924
KT2440,1,1,17,5.833508039
KT2440,1,0,17,5.725674394
KT2440,2,90,17,0.075961632
KT2440,2,70,17,0.041300817
KT2440,2,50,17,0.045152019
KT2440,2,25,17,0.029747212
KT2440,2,20,17,0.035839453
KT2440,2,15,17,3.082192997
KT2440,2,10,17,6.157008974
KT2440,2,5,17,5.714120789
KT2440,2,2,17,5.806549627
KT2440,2,1,17,5.818103232
KT2440,2,0,17,5.714120789
KT2440,3,90,17,0.099068841
KT2440,3,70,17,0.060556825
KT2440,3,50,17,0.083664035
KT2440,3,25,17,0.037449616
KT2440,3,20,17,0.040319385
KT2440,3,15,17,3.207631084
KT2440,3,10,17,6.110794555
KT2440,3,5,17,5.679459974
KT2440,3,2,17,5.791144821
KT2440,3,1,17,5.818103232
KT2440,3,0,17,5.733376797
KT2440,1,90,17.25,0.075961632
KT2440,1,70,17.25,0.04900322
KT2440,1,50,17.25,0.060556825
KT2440,1,25,17.25,0.037449616
KT2440,1,20,17.25,0.040319385
KT2440,1,15,17.25,2.992594364
KT2440,1,10,17.25,6.187818587
KT2440,1,5,17.25,5.744930402
KT2440,1,2,17.25,5.848912845
KT2440,1,1,17.25,5.83735924
KT2440,1,0,17.25,5.733376797
KT2440,2,90,17.25,0.075961632
KT2440,2,70,17.25,0.041300817
KT2440,2,50,17.25,0.045152019
KT2440,2,25,17.25,0.029747212
KT2440,2,20,17.25,0.035839453
KT2440,2,15,17.25,3.109072587
KT2440,2,10,17.25,6.19552099
KT2440,2,5,17.25,5.733376797
KT2440,2,2,17.25,5.821954434
KT2440,2,1,17.25,5.829656837
KT2440,2,0,17.25,5.71797199
KT2440,3,90,17.25,0.099068841
KT2440,3,70,17.25,0.056705624
KT2440,3,50,17.25,0.09521764
KT2440,3,25,17.25,0.041300817
KT2440,3,20,17.25,0.044799317
KT2440,3,15,17.25,3.221070879
KT2440,3,10,17.25,6.103092151
KT2440,3,5,17.25,5.694864781
KT2440,3,2,17.25,5.802698426
KT2440,3,1,17.25,5.825805635
KT2440,3,0,17.25,5.737227998
KT2440,1,90,17.5,0.07211043
KT2440,1,70,17.5,0.04900322
KT2440,1,50,17.5,0.060556825
KT2440,1,25,17.5,0.037449616
KT2440,1,20,17.5,0.040319385
KT2440,1,15,17.5,2.997074295
KT2440,1,10,17.5,6.2186282
KT2440,1,5,17.5,5.760335208
KT2440,1,2,17.5,5.856615248
KT2440,1,1,17.5,5.845061644
KT2440,1,0,17.5,5.737227998
KT2440,2,90,17.5,0.075961632
KT2440,2,70,17.5,0.041300817
KT2440,2,50,17.5,0.045152019
KT2440,2,25,17.5,0.029747212
KT2440,2,20,17.5,0.035839453
KT2440,2,15,17.5,3.109072587
KT2440,2,10,17.5,6.226330603
KT2440,2,5,17.5,5.748781603
KT2440,2,2,17.5,5.833508039
KT2440,2,1,17.5,5.833508039
KT2440,2,0,17.5,5.725674394
KT2440,3,90,17.5,0.099068841
KT2440,3,70,17.5,0.056705624
KT2440,3,50,17.5,0.087515237
KT2440,3,25,17.5,0.037449616
KT2440,3,20,17.5,0.040319385
KT2440,3,15,17.5,3.230030743
KT2440,3,10,17.5,6.141604168
KT2440,3,5,17.5,5.714120789
KT2440,3,2,17.5,5.814252031
KT2440,3,1,17.5,5.833508039
KT2440,3,0,17.5,5.7410792
KT2440,1,90,17.75,0.07211043
KT2440,1,70,17.75,0.04900322
KT2440,1,50,17.75,0.056705624
KT2440,1,25,17.75,0.037449616
KT2440,1,20,17.75,0.040319385
KT2440,1,15,17.75,3.01051409
KT2440,1,10,17.75,6.245586611
KT2440,1,5,17.75,5.779591216
KT2440,1,2,17.75,5.868168853
KT2440,1,1,17.75,5.852764047
KT2440,1,0,17.75,5.748781603
KT2440,2,90,17.75,0.075961632
KT2440,2,70,17.75,0.045152019
KT2440,2,50,17.75,0.045152019
KT2440,2,25,17.75,0.029747212
KT2440,2,20,17.75,0.035839453
KT2440,2,15,17.75,3.122512382
KT2440,2,10,17.75,6.272545022
KT2440,2,5,17.75,5.756484007
KT2440,2,2,17.75,5.833508039
KT2440,2,1,17.75,5.841210442
KT2440,2,0,17.75,5.733376797
KT2440,3,90,17.75,0.099068841
KT2440,3,70,17.75,0.056705624
KT2440,3,50,17.75,0.075961632
KT2440,3,25,17.75,0.041300817
KT2440,3,20,17.75,0.044799317
KT2440,3,15,17.75,3.243470538
KT2440,3,10,17.75,6.183967385
KT2440,3,5,17.75,5.725674394
KT2440,3,2,17.75,5.821954434
KT2440,3,1,17.75,5.83735924
KT2440,3,0,17.75,5.744930402
KT2440,1,90,18,0.07211043
KT2440,1,70,18,0.04900322
KT2440,1,50,18,0.056705624
KT2440,1,25,18,0.037449616
KT2440,1,20,18,0.040319385
KT2440,1,15,18,3.001554227
KT2440,1,10,18,6.257140216
KT2440,1,5,18,5.787293619
KT2440,1,2,18,5.872020055
KT2440,1,1,18,5.856615248
KT2440,1,0,18,5.76418641
KT2440,2,90,18,0.075961632
KT2440,2,70,18,0.041300817
KT2440,2,50,18,0.04900322
KT2440,2,25,18,0.029747212
KT2440,2,20,18,0.035839453
KT2440,2,15,18,3.122512382
KT2440,2,10,18,6.29180103
KT2440,2,5,18,5.775740015
KT2440,2,2,18,5.845061644
KT2440,2,1,18,5.845061644
KT2440,2,0,18,5.737227998
KT2440,3,90,18,0.099068841
KT2440,3,70,18,0.056705624
KT2440,3,50,18,0.091366438
KT2440,3,25,18,0.04900322
KT2440,3,20,18,0.035839453
KT2440,3,15,18,3.24795047
KT2440,3,10,18,6.199372192
KT2440,3,5,18,5.7410792
KT2440,3,2,18,5.829656837
KT2440,3,1,18,5.845061644
KT2440,3,0,18,5.744930402
KT2440,1,90,18.25,0.07184483
KT2440,1,70,18.25,0.04873762
KT2440,1,50,18.25,0.060291225
KT2440,1,25,18.25,0.037184016
KT2440,1,20,18.25,0.040319385
KT2440,1,15,18.25,3.019473954
KT2440,1,10,18.25,6.260725817
KT2440,1,5,18.25,5.794730422
KT2440,1,2,18.25,5.879456858
KT2440,1,1,18.25,5.871754455
KT2440,1,0,18.25,5.76392081
KT2440,2,90,18.25,0.075696032
KT2440,2,70,18.25,0.041035217
KT2440,2,50,18.25,0.04873762
KT2440,2,25,18.25,0.029481612
KT2440,2,20,18.25,0.035839453
KT2440,2,15,18.25,3.144912041
KT2440,2,10,18.25,6.310791438
KT2440,2,5,18.25,5.775474414
KT2440,2,2,18.25,5.844796043
KT2440,2,1,18.25,5.844796043
KT2440,2,0,18.25,5.748516003
KT2440,3,90,18.25,0.098803241
KT2440,3,70,18.25,0.052588822
KT2440,3,50,18.25,0.087249636
KT2440,3,25,18.25,0.041035217
KT2440,3,20,18.25,0.044799317
KT2440,3,15,18.25,3.261390265
KT2440,3,10,18.25,6.253023414
KT2440,3,5,18.25,5.752367205
KT2440,3,2,18.25,5.833242439
KT2440,3,1,18.25,5.848647245
KT2440,3,0,18.25,5.748516003
KT2440,1,90,18.5,0.075430432
KT2440,1,70,18.5,0.04847202
KT2440,1,50,18.5,0.060025625
KT2440,1,25,18.5,0.036918415
KT2440,1,20,18.5,0.040319385
KT2440,1,15,18.5,3.032913749
KT2440,1,10,18.5,6.260460217
KT2440,1,5,18.5,5.798316024
KT2440,1,2,18.5,5.883042459
KT2440,1,1,18.5,5.871488855
KT2440,1,0,18.5,5.76365521
KT2440,2,90,18.5,0.075430432
KT2440,2,70,18.5,0.040769617
KT2440,2,50,18.5,0.044620819
KT2440,2,25,18.5,0.029216012
KT2440,2,20,18.5,0.035839453
KT2440,2,15,18.5,3.158351836
KT2440,2,10,18.5,6.337484249
KT2440,2,5,18.5,5.775208814
KT2440,2,2,18.5,5.844530443
KT2440,2,1,18.5,5.840679242
KT2440,2,0,18.5,5.752101605
KT2440,3,90,18.5,0.098537641
KT2440,3,70,18.5,0.052323222
KT2440,3,50,18.5,0.079281633
KT2440,3,25,18.5,0.044620819
KT2440,3,20,18.5,0.040319385
KT2440,3,15,18.5,3.27483006
KT2440,3,10,18.5,6.295121032
KT2440,3,5,18.5,5.755952806
KT2440,3,2,18.5,5.832976838
KT2440,3,1,18.5,5.840679242
KT2440,3,0,18.5,5.752101605
KT2440,1,90,18.75,0.07184483
KT2440,1,70,18.75,0.04873762
KT2440,1,50,18.75,0.060291225
KT2440,1,25,18.75,0.037184016
KT2440,1,20,18.75,0.040319385
KT2440,1,15,18.75,3.041873612
KT2440,1,10,18.75,6.256874616
KT2440,1,5,18.75,5.817837632
KT2440,1,2,18.75,5.88330806
KT2440,1,1,18.75,5.879456858
KT2440,1,0,18.75,5.775474414
KT2440,2,90,18.75,0.075696032
KT2440,2,70,18.75,0.041035217
KT2440,2,50,18.75,0.044886419
KT2440,2,25,18.75,0.029481612
KT2440,2,20,18.75,0.035839453
KT2440,2,15,18.75,3.167311699
KT2440,2,10,18.75,6.349303454
KT2440,2,5,18.75,5.787028019
KT2440,2,2,18.75,5.848647245
KT2440,2,1,18.75,5.840944842
KT2440,2,0,18.75,5.76392081
KT2440,3,90,18.75,0.098803241
KT2440,3,70,18.75,0.056440024
KT2440,3,50,18.75,0.083398435
KT2440,3,25,18.75,0.041035217
KT2440,3,20,18.75,0.044799317
KT2440,3,15,18.75,3.283789923
KT2440,3,10,18.75,6.31464264
KT2440,3,5,18.75,5.767772011
KT2440,3,2,18.75,5.83709364
KT2440,3,1,18.75,5.844796043
KT2440,3,0,18.75,5.760069608
KT2440,1,90,19,0.07197763
KT2440,1,70,19,0.04887042
KT2440,1,50,19,0.056572824
KT2440,1,25,19,0.037316816
KT2440,1,20,19,0.044799317
KT2440,1,15,19,3.050833476
KT2440,1,10,19,6.253156214
KT2440,1,5,19,5.814119231
KT2440,1,2,19,5.88344086
KT2440,1,1,19,5.875738456
KT2440,1,0,19,5.771756013
KT2440,2,90,19,0.075828832
KT2440,2,70,19,0.045019219
KT2440,2,50,19,0.04887042
KT2440,2,25,19,0.029614412
KT2440,2,20,19,0.035839453
KT2440,2,15,19,3.180751494
KT2440,2,10,19,6.376394666
KT2440,2,5,19,5.791012021
KT2440,2,2,19,5.856482448
KT2440,2,1,19,5.841077642
KT2440,2,0,19,5.767904811
KT2440,3,90,19,0.098936041
KT2440,3,70,19,0.056572824
KT2440,3,50,19,0.083531235
KT2440,3,25,19,0.041168017
KT2440,3,20,19,0.040319385
KT2440,3,15,19,3.30170965
KT2440,3,10,19,6.33788265
KT2440,3,5,19,5.775607215
KT2440,3,2,19,5.841077642
KT2440,3,1,19,5.848780045
KT2440,3,0,19,5.760202408
KT2440,1,90,19.25,0.07197763
KT2440,1,70,19.25,0.04887042
KT2440,1,50,19.25,0.060424025
KT2440,1,25,19.25,0.037316816
KT2440,1,20,19.25,0.040319385
KT2440,1,15,19.25,3.050833476
KT2440,1,10,19.25,6.241602609
KT2440,1,5,19.25,5.825672835
KT2440,1,2,19.25,5.887292061
KT2440,1,1,19.25,5.875738456
KT2440,1,0,19.25,5.775607215
KT2440,2,90,19.25,0.075828832
KT2440,2,70,19.25,0.04887042
KT2440,2,50,19.25,0.056572824
KT2440,2,25,19.25,0.029614412
KT2440,2,20,19.25,0.035839453
KT2440,2,15,19.25,3.180751494
KT2440,2,10,19.25,6.384097069
KT2440,2,5,19.25,5.794863223
KT2440,2,2,19.25,5.852631247
KT2440,2,1,19.25,5.841077642
KT2440,2,0,19.25,5.767904811
KT2440,3,90,19.25,0.098936041
KT2440,3,70,19.25,0.056572824
KT2440,3,50,19.25,0.079680033
KT2440,3,25,19.25,0.041168017
KT2440,3,20,19.25,0.044799317
KT2440,3,15,19.25,3.30170965
KT2440,3,10,19.25,6.376394666
KT2440,3,5,19.25,5.783309618
KT2440,3,2,19.25,5.841077642
KT2440,3,1,19.25,5.852631247
KT2440,3,0,19.25,5.76405361
KT2440,1,90,19.5,0.07197763
KT2440,1,70,19.5,0.04887042
KT2440,1,50,19.5,0.056572824
KT2440,1,25,19.5,0.037316816
KT2440,1,20,19.5,0.044799317
KT2440,1,15,19.5,3.073233134
KT2440,1,10,19.5,6.230049004
KT2440,1,5,19.5,5.829524037
KT2440,1,2,19.5,5.887292061
KT2440,1,1,19.5,5.879589658
KT2440,1,0,19.5,5.775607215
KT2440,2,90,19.5,0.075828832
KT2440,2,70,19.5,0.045019219
KT2440,2,50,19.5,0.04887042
KT2440,2,25,19.5,0.029614412
KT2440,2,20,19.5,0.035839453
KT2440,2,15,19.5,3.198671221
KT2440,2,10,19.5,6.364841061
KT2440,2,5,19.5,5.791012021
KT2440,2,2,19.5,5.848780045
KT2440,2,1,19.5,5.83722644
KT2440,2,0,19.5,5.775607215
KT2440,3,90,19.5,0.098936041
KT2440,3,70,19.5,0.068126428
KT2440,3,50,19.5,0.083531235
KT2440,3,25,19.5,0.045019219
KT2440,3,20,19.5,0.040319385
KT2440,3,15,19.5,3.319629376
KT2440,3,10,19.5,6.403353077
KT2440,3,5,19.5,5.783309618
KT2440,3,2,19.5,5.83722644
KT2440,3,1,19.5,5.852631247
KT2440,3,0,19.5,5.771756013
KT2440,1,90,19.75,0.07184483
KT2440,1,70,19.75,0.04873762
KT2440,1,50,19.75,0.060291225
KT2440,1,25,19.75,0.037184016
KT2440,1,20,19.75,0.044799317
KT2440,1,15,19.75,3.077713066
KT2440,1,10,19.75,6.222213801
KT2440,1,5,19.75,5.833242439
KT2440,1,2,19.75,5.887159261
KT2440,1,1,19.75,5.887159261
KT2440,1,0,19.75,5.787028019
KT2440,2,90,19.75,0.075696032
KT2440,2,70,19.75,0.044886419
KT2440,2,50,19.75,0.04873762
KT2440,2,25,19.75,0.029481612
KT2440,2,20,19.75,0.035839453
KT2440,2,15,19.75,3.203151153
KT2440,2,10,19.75,6.349303454
KT2440,2,5,19.75,5.806284027
KT2440,2,2,19.75,5.856349648
KT2440,2,1,19.75,5.844796043
KT2440,2,0,19.75,5.775474414
KT2440,3,90,19.75,0.09495204
KT2440,3,70,19.75,0.060291225
KT2440,3,50,19.75,0.07184483
KT2440,3,25,19.75,0.041035217
KT2440,3,20,19.75,0.049279249
KT2440,3,15,19.75,3.333069171
KT2440,3,10,19.75,6.43402989
KT2440,3,5,19.75,5.787028019
KT2440,3,2,19.75,5.844796043
KT2440,3,1,19.75,5.856349648
KT2440,3,0,19.75,5.775474414
KT2440,1,90,20,0.07197763
KT2440,1,70,20,0.04887042
KT2440,1,50,20,0.056572824
KT2440,1,25,20,0.037316816
KT2440,1,20,20,0.044799317
KT2440,1,15,20,3.082192997
KT2440,1,10,20,6.199239392
KT2440,1,5,20,5.841077642
KT2440,1,2,20,5.898845666
KT2440,1,1,20,5.891143263
KT2440,1,0,20,5.783309618
KT2440,2,90,20,0.075828832
KT2440,2,70,20,0.04887042
KT2440,2,50,20,0.052721622
KT2440,2,25,20,0.029614412
KT2440,2,20,20,0.035839453
KT2440,2,15,20,3.212111016
KT2440,2,10,20,6.326329045
KT2440,2,5,20,5.810268029
KT2440,2,2,20,5.856482448
KT2440,2,1,20,5.848780045
KT2440,2,0,20,5.783309618
KT2440,3,90,20,0.098936041
KT2440,3,70,20,0.060424025
KT2440,3,50,20,0.079680033
KT2440,3,25,20,0.045019219
KT2440,3,20,20,0.040319385
KT2440,3,15,20,3.333069171
KT2440,3,10,20,6.438013891
KT2440,3,5,20,5.794863223
KT2440,3,2,20,5.848780045
KT2440,3,1,20,5.86033365
KT2440,3,0,20,5.783309618
KT2440,1,90,20.25,0.07184483
KT2440,1,70,20.25,0.04873762
KT2440,1,50,20.25,0.060291225
KT2440,1,25,20.25,0.037184016
KT2440,1,20,20.25,0.044799317
KT2440,1,15,20.25,3.100112724
KT2440,1,10,20.25,6.17214818
KT2440,1,5,20.25,5.848647245
KT2440,1,2,20.25,5.898712866
KT2440,1,1,20.25,5.891010463
KT2440,1,0,20.25,5.787028019
KT2440,2,90,20.25,0.075696032
KT2440,2,70,20.25,0.041035217
KT2440,2,50,20.25,0.052588822
KT2440,2,25,20.25,0.029481612
KT2440,2,20,20.25,0.035839453
KT2440,2,15,20.25,3.234510674
KT2440,2,10,20.25,6.279981825
KT2440,2,5,20.25,5.810135229
KT2440,2,2,20.25,5.856349648
KT2440,2,1,20.25,5.848647245
KT2440,2,0,20.25,5.783176818
KT2440,3,90,20.25,0.09495204
KT2440,3,70,20.25,0.064142427
KT2440,3,50,20.25,0.087249636
KT2440,3,25,20.25,0.041035217
KT2440,3,20,20.25,0.044799317
KT2440,3,15,20.25,3.35546883
KT2440,3,10,20.25,6.445583495
KT2440,3,5,20.25,5.798581624
KT2440,3,2,20.25,5.844796043
KT2440,3,1,20.25,5.86020085
KT2440,3,0,20.25,5.783176818
KT2440,1,90,20.5,0.07197763
KT2440,1,70,20.5,0.04887042
KT2440,1,50,20.5,0.060424025
KT2440,1,25,20.5,0.037316816
KT2440,1,20,20.5,0.044799317
KT2440,1,15,20.5,3.104592656
KT2440,1,10,20.5,6.137620166
KT2440,1,5,20.5,5.848780045
KT2440,1,2,20.5,5.898845666
KT2440,1,1,20.5,5.875738456
KT2440,1,0,20.5,5.791012021
KT2440,2,90,20.5,0.075828832
KT2440,2,70,20.5,0.045019219
KT2440,2,50,20.5,0.052721622
KT2440,2,25,20.5,0.029614412
KT2440,2,20,20.5,0.040319385
KT2440,2,15,20.5,3.234510674
KT2440,2,10,20.5,6.241602609
KT2440,2,5,20.5,5.810268029
KT2440,2,2,20.5,5.856482448
KT2440,2,1,20.5,5.852631247
KT2440,2,0,20.5,5.791012021
KT2440,3,90,20.5,0.09508484
KT2440,3,70,20.5,0.056572824
KT2440,3,50,20.5,0.087382437
KT2440,3,25,20.5,0.041168017
KT2440,3,20,20.5,0.040319385
KT2440,3,15,20.5,3.364428693
KT2440,3,10,20.5,6.422609085
KT2440,3,5,20.5,5.802565626
KT2440,3,2,20.5,5.844928843
KT2440,3,1,20.5,5.86033365
KT2440,3,0,20.5,5.787160819
KT2440,1,90,20.75,0.07184483
KT2440,1,70,20.75,0.04873762
KT2440,1,50,20.75,0.060291225
KT2440,1,25,20.75,0.037184016
KT2440,1,20,20.75,0.044799317
KT2440,1,15,20.75,3.113552519
KT2440,1,10,20.75,6.083570543
KT2440,1,5,20.75,5.844796043
KT2440,1,2,20.75,5.894861664
KT2440,1,1,20.75,5.867903253
KT2440,1,0,20.75,5.783176818
KT2440,2,90,20.75,0.075696032
KT2440,2,70,20.75,0.044886419
KT2440,2,50,20.75,0.052588822
KT2440,2,25,20.75,0.029481612
KT2440,2,20,20.75,0.035839453
KT2440,2,15,20.75,3.256910333
KT2440,2,10,20.75,6.191404188
KT2440,2,5,20.75,5.817837632
KT2440,2,2,20.75,5.856349648
KT2440,2,1,20.75,5.848647245
KT2440,2,0,20.75,5.790879221
KT2440,3,90,20.75,0.09495204
KT2440,3,70,20.75,0.060291225
KT2440,3,50,20.75,0.079547233
KT2440,3,25,20.75,0.044886419
KT2440,3,20,20.75,0.044799317
KT2440,3,15,20.75,3.38234842
KT2440,3,10,20.75,6.391666672
KT2440,3,5,20.75,5.802432826
KT2440,3,2,20.75,5.848647245
KT2440,3,1,20.75,5.856349648
KT2440,3,0,20.75,5.787028019
KT2440,1,90,21,0.07184483
KT2440,1,70,21,0.04873762
KT2440,1,50,21,0.056440024
KT2440,1,25,21,0.037184016
KT2440,1,20,21,0.044799317
KT2440,1,15,21,3.122512382
KT2440,1,10,21,6.045058527
KT2440,1,5,21,5.848647245
KT2440,1,2,21,5.894861664
KT2440,1,1,21,5.856349648
KT2440,1,0,21,5.787028019
KT2440,2,90,21,0.075696032
KT2440,2,70,21,0.044886419
KT2440,2,50,21,0.056440024
KT2440,2,25,21,0.029481612
KT2440,2,20,21,0.035839453
KT2440,2,15,21,3.265870196
KT2440,2,10,21,6.145189769
KT2440,2,5,21,5.821688834
KT2440,2,2,21,5.856349648
KT2440,2,1,21,5.856349648
KT2440,2,0,21,5.798581624
KT2440,3,90,21,0.09495204
KT2440,3,70,21,0.060291225
KT2440,3,50,21,0.083398435
KT2440,3,25,21,0.044886419
KT2440,3,20,21,0.044799317
KT2440,3,15,21,3.391308283
KT2440,3,10,21,6.360857059
KT2440,3,5,21,5.813986431
KT2440,3,2,21,5.848647245
KT2440,3,1,21,5.856349648
KT2440,3,0,21,5.790879221
KT2440,1,90,21.25,0.07171203
KT2440,1,70,21.25,0.04860482
KT2440,1,50,21.25,0.056307224
KT2440,1,25,21.25,0.037051215
KT2440,1,20,21.25,0.049279249
KT2440,1,15,21.25,3.131472246
KT2440,1,10,21.25,5.987157703
KT2440,1,5,21.25,5.875472856
KT2440,1,2,21.25,5.898580066
KT2440,1,1,21.25,5.86006805
KT2440,1,0,21.25,5.798448824
KT2440,2,90,21.25,0.07171203
KT2440,2,70,21.25,0.040902417
KT2440,2,50,21.25,0.052456022
KT2440,2,25,21.25,0.029348812
KT2440,2,20,21.25,0.035839453
KT2440,2,15,21.25,3.279309991
KT2440,2,10,21.25,6.106544953
KT2440,2,5,21.25,5.829258437
KT2440,2,2,21.25,5.86006805
KT2440,2,1,21.25,5.86006805
KT2440,2,0,21.25,5.802300026
KT2440,3,90,21.25,0.09481924
KT2440,3,70,21.25,0.064009627
KT2440,3,50,21.25,0.075563232
KT2440,3,25,21.25,0.040902417
KT2440,3,20,21.25,0.044799317
KT2440,3,15,21.25,3.404748078
KT2440,3,10,21.25,6.322212243
KT2440,3,5,21.25,5.817704832
KT2440,3,2,21.25,5.852365647
KT2440,3,1,21.25,5.863919251
KT2440,3,0,21.25,5.794597622
KT2440,1,90,21.5,0.07211043
KT2440,1,70,21.5,0.04900322
KT2440,1,50,21.5,0.056705624
KT2440,1,25,21.5,0.037449616
KT2440,1,20,21.5,0.049279249
KT2440,1,15,21.5,3.131472246
KT2440,1,10,21.5,5.976002498
KT2440,1,5,21.5,5.864317652
KT2440,1,2,21.5,5.895127264
KT2440,1,1,21.5,5.887424861
KT2440,1,0,21.5,5.794996023
KT2440,2,90,21.5,0.075961632
KT2440,2,70,21.5,0.045152019
KT2440,2,50,21.5,0.04900322
KT2440,2,25,21.5,0.029747212
KT2440,2,20,21.5,0.040319385
KT2440,2,15,21.5,3.27483006
KT2440,2,10,21.5,6.09924095
KT2440,2,5,21.5,5.841210442
KT2440,2,2,21.5,5.864317652
KT2440,2,1,21.5,5.868168853
KT2440,2,0,21.5,5.814252031
KT2440,3,90,21.5,0.09521764
KT2440,3,70,21.5,0.060556825
KT2440,3,50,21.5,0.091366438
KT2440,3,25,21.5,0.045152019
KT2440,3,20,21.5,0.040319385
KT2440,3,15,21.5,3.404748078
KT2440,3,10,21.5,6.276396224
KT2440,3,5,21.5,5.821954434
KT2440,3,2,21.5,5.852764047
KT2440,3,1,21.5,5.864317652
KT2440,3,0,21.5,5.814252031
KT2440,1,90,21.75,0.07197763
KT2440,1,70,21.75,0.04887042
KT2440,1,50,21.75,0.056572824
KT2440,1,25,21.75,0.037316816
KT2440,1,20,21.75,0.049279249
KT2440,1,15,21.75,3.140432109
KT2440,1,10,21.75,5.964316093
KT2440,1,5,21.75,5.844928843
KT2440,1,2,21.75,5.88344086
KT2440,1,1,21.75,5.856482448
KT2440,1,0,21.75,5.767904811
KT2440,2,90,21.75,0.07197763
KT2440,2,70,21.75,0.045019219
KT2440,2,50,21.75,0.052721622
KT2440,2,25,21.75,0.029614412
KT2440,2,20,21.75,0.035839453
KT2440,2,15,21.75,3.288269855
KT2440,2,10,21.75,6.07600094
KT2440,2,5,21.75,5.841077642
KT2440,2,2,21.75,5.864184852
KT2440,2,1,21.75,5.86033365
KT2440,2,0,21.75,5.814119231
KT2440,3,90,21.75,0.09508484
KT2440,3,70,21.75,0.064275227
KT2440,3,50,21.75,0.083531235
KT2440,3,25,21.75,0.04887042
KT2440,3,20,21.75,0.049279249
KT2440,3,15,21.75,3.413707942
KT2440,3,10,21.75,6.237751408
KT2440,3,5,21.75,5.821821634
KT2440,3,2,21.75,5.852631247
KT2440,3,1,21.75,5.86033365
KT2440,3,0,21.75,5.814119231
KT2440,1,90,22,0.07184483
KT2440,1,70,22,0.04873762
KT2440,1,50,22,0.056440024
KT2440,1,25,22,0.037184016
KT2440,1,20,22,0.049279249
KT2440,1,15,22,3.153871904
KT2440,1,10,22,5.937224882
KT2440,1,5,22,5.879456858
KT2440,1,2,22,5.902564068
KT2440,1,1,22,5.852498447
KT2440,1,0,22,5.752367205
KT2440,2,90,22,0.07184483
KT2440,2,70,22,0.044886419
KT2440,2,50,22,0.052588822
KT2440,2,25,22,0.029481612
KT2440,2,20,22,0.040319385
KT2440,2,15,22,3.315149445
KT2440,2,10,22,6.056612132
KT2440,2,5,22,5.852498447
KT2440,2,2,22,5.86020085
KT2440,2,1,22,5.867903253
KT2440,2,0,22,5.817837632
KT2440,3,90,22,0.098803241
KT2440,3,70,22,0.060291225
KT2440,3,50,22,0.064142427
KT2440,3,25,22,0.04873762
KT2440,3,20,22,0.040319385
KT2440,3,15,22,3.440587532
KT2440,3,10,22,6.187552987
KT2440,3,5,22,5.829391237
KT2440,3,2,22,5.856349648
KT2440,3,1,22,5.871754455
KT2440,3,0,22,5.817837632
KT2440,1,90,22.25,0.07197763
KT2440,1,70,22.25,0.04887042
KT2440,1,50,22.25,0.056572824
KT2440,1,25,22.25,0.037316816
KT2440,1,20,22.25,0.049279249
KT2440,1,15,22.25,3.158351836
KT2440,1,10,22.25,5.948911287
KT2440,1,5,22.25,5.879589658
KT2440,1,2,22.25,5.906548069
KT2440,1,1,22.25,5.844928843
KT2440,1,0,22.25,5.729392795
KT2440,2,90,22.25,0.075828832
KT2440,2,70,22.25,0.045019219
KT2440,2,50,22.25,0.04887042
KT2440,2,25,22.25,0.029614412
KT2440,2,20,22.25,0.035839453
KT2440,2,15,22.25,3.324109308
KT2440,2,10,22.25,6.025935319
KT2440,2,5,22.25,5.848780045
KT2440,2,2,22.25,5.864184852
KT2440,2,1,22.25,5.86033365
KT2440,2,0,22.25,5.817970432
KT2440,3,90,22.25,0.09508484
KT2440,3,70,22.25,0.068126428
KT2440,3,50,22.25,0.087382437
KT2440,3,25,22.25,0.045019219
KT2440,3,20,22.25,0.044799317
KT2440,3,15,22.25,3.449547395
KT2440,3,10,22.25,6.129917763
KT2440,3,5,22.25,5.825672835
KT2440,3,2,22.25,5.848780045
KT2440,3,1,22.25,5.864184852
KT2440,3,0,22.25,5.814119231
KT2440,1,90,22.5,0.07211043
KT2440,1,70,22.5,0.04900322
KT2440,1,50,22.5,0.060556825
KT2440,1,25,22.5,0.037449616
KT2440,1,20,22.5,0.05375918
KT2440,1,15,22.5,3.158351836
KT2440,1,10,22.5,5.960597692
KT2440,1,5,22.5,5.887424861
KT2440,1,2,22.5,5.910532071
KT2440,1,1,22.5,5.841210442
KT2440,1,0,22.5,5.71797199
KT2440,2,90,22.5,0.07211043
KT2440,2,70,22.5,0.045152019
KT2440,2,50,22.5,0.04900322
KT2440,2,25,22.5,0.029747212
KT2440,2,20,22.5,0.040319385
KT2440,2,15,22.5,3.32858924
KT2440,2,10,22.5,6.022216918
KT2440,2,5,22.5,5.848912845
KT2440,2,2,22.5,5.86046645
KT2440,2,1,22.5,5.856615248
KT2440,2,0,22.5,5.818103232
KT2440,3,90,22.5,0.09521764
KT2440,3,70,22.5,0.064408027
KT2440,3,50,22.5,0.079812833
KT2440,3,25,22.5,0.045152019
KT2440,3,20,22.5,0.040319385
KT2440,3,15,22.5,3.454027327
KT2440,3,10,22.5,6.09924095
KT2440,3,5,22.5,5.829656837
KT2440,3,2,22.5,5.848912845
KT2440,3,1,22.5,5.86046645
KT2440,3,0,22.5,5.806549627
KT2440,1,90,22.75,0.068392029
KT2440,1,70,22.75,0.049136021
KT2440,1,50,22.75,0.056838424
KT2440,1,25,22.75,0.037582416
KT2440,1,20,22.75,0.05375918
KT2440,1,15,22.75,3.140432109
KT2440,1,10,22.75,5.9799865
KT2440,1,5,22.75,5.895260065
KT2440,1,2,22.75,5.902962468
KT2440,1,1,22.75,5.829789637
KT2440,1,0,22.75,5.694997581
KT2440,2,90,22.75,0.07224323
KT2440,2,70,22.75,0.045284819
KT2440,2,50,22.75,0.049136021
KT2440,2,25,22.75,0.029880012
KT2440,2,20,22.75,0.040319385
KT2440,2,15,22.75,3.337549103
KT2440,2,10,22.75,6.022349718
KT2440,2,5,22.75,5.849045645
KT2440,2,2,22.75,5.86059925
KT2440,2,1,22.75,5.86059925
KT2440,2,0,22.75,5.814384831
KT2440,3,90,22.75,0.09535044
KT2440,3,70,22.75,0.060689625
KT2440,3,50,22.75,0.087648037
KT2440,3,25,22.75,0.045284819
KT2440,3,20,22.75,0.040319385
KT2440,3,15,22.75,3.458507259
KT2440,3,10,22.75,6.072415339
KT2440,3,5,22.75,5.829789637
KT2440,3,2,22.75,5.856748048
KT2440,3,1,22.75,5.852896847
KT2440,3,0,22.75,5.802831226
KT2440,1,90,23,0.068392029
KT2440,1,70,23,0.049136021
KT2440,1,50,23,0.056838424
KT2440,1,25,23,0.037582416
KT2440,1,20,23,0.05375918
KT2440,1,15,23,3.041873612
KT2440,1,10,23,5.987688903
KT2440,1,5,23,5.906813669
KT2440,1,2,23,5.895260065
KT2440,1,1,23,5.829789637
KT2440,1,0,23,5.691146379
KT2440,2,90,23,0.07224323
KT2440,2,70,23,0.049136021
KT2440,2,50,23,0.052987222
KT2440,2,25,23,0.029880012
KT2440,2,20,23,0.040319385
KT2440,2,15,23,3.350988898
KT2440,2,10,23,6.033903322
KT2440,2,5,23,5.86059925
KT2440,2,2,23,5.864450452
KT2440,2,1,23,5.872152855
KT2440,2,0,23,5.822087234
KT2440,3,90,23,0.09535044
KT2440,3,70,23,0.087648037
KT2440,3,50,23,0.091499238
KT2440,3,25,23,0.045284819
KT2440,3,20,23,0.044799317
KT2440,3,15,23,3.476426985
KT2440,3,10,23,6.064712935
KT2440,3,5,23,5.841343242
KT2440,3,2,23,5.86059925
KT2440,3,1,23,5.86059925
KT2440,3,0,23,5.798980024
KT2440,1,90,23.25,0.07211043
KT2440,1,70,23.25,0.04900322
KT2440,1,50,23.25,0.064408027
KT2440,1,25,23.25,0.037449616
KT2440,1,20,23.25,0.05375918
KT2440,1,15,23.25,3.041873612
KT2440,1,10,23.25,5.983704901
KT2440,1,5,23.25,5.902829668
KT2440,1,2,23.25,5.887424861
KT2440,1,1,23.25,5.852764047
KT2440,1,0,23.25,5.679459974
KT2440,2,90,23.25,0.07211043
KT2440,2,70,23.25,0.045152019
KT2440,2,50,23.25,0.052854422
KT2440,2,25,23.25,0.029747212
KT2440,2,20,23.25,0.040319385
KT2440,2,15,23.25,3.359948762
KT2440,2,10,23.25,6.037621724
KT2440,2,5,23.25,5.864317652
KT2440,2,2,23.25,5.864317652
KT2440,2,1,23.25,5.864317652
KT2440,2,0,23.25,5.814252031
KT2440,3,90,23.25,0.09521764
KT2440,3,70,23.25,0.079812833
KT2440,3,50,23.25,0.083664035
KT2440,3,25,23.25,0.045152019
KT2440,3,20,23.25,0.049279249
KT2440,3,15,23.25,3.485386849
KT2440,3,10,23.25,6.037621724
KT2440,3,5,23.25,5.841210442
KT2440,3,2,23.25,5.856615248
KT2440,3,1,23.25,5.864317652
KT2440,3,0,23.25,5.810400829
KT2440,1,90,23.5,0.067993628
KT2440,1,70,23.5,0.04873762
KT2440,1,50,23.5,0.060291225
KT2440,1,25,23.5,0.037184016
KT2440,1,20,23.5,0.058239112
KT2440,1,15,23.5,3.046353544
KT2440,1,10,23.5,6.002695309
KT2440,1,5,23.5,5.88330806
KT2440,1,2,23.5,5.879456858
KT2440,1,1,23.5,5.875605656
KT2440,1,0,23.5,5.671491971
KT2440,2,90,23.5,0.07184483
KT2440,2,70,23.5,0.044886419
KT2440,2,50,23.5,0.056440024
KT2440,2,25,23.5,0.029481612
KT2440,2,20,23.5,0.040319385
KT2440,2,15,23.5,3.364428693
KT2440,2,10,23.5,6.045058527
KT2440,2,5,23.5,5.864052051
KT2440,2,2,23.5,5.864052051
KT2440,2,1,23.5,5.856349648
KT2440,2,0,23.5,5.813986431
KT2440,3,90,23.5,0.09495204
KT2440,3,70,23.5,0.064142427
KT2440,3,50,23.5,0.075696032
KT2440,3,25,23.5,0.044886419
KT2440,3,20,23.5,0.044799317
KT2440,3,15,23.5,3.494346712
KT2440,3,10,23.5,6.021951317
KT2440,3,5,23.5,5.840944842
KT2440,3,2,23.5,5.848647245
KT2440,3,1,23.5,5.86020085
KT2440,3,0,23.5,5.813986431
KT2440,1,90,23.75,0.067860828
KT2440,1,70,23.75,0.04860482
KT2440,1,50,23.75,0.056307224
KT2440,1,25,23.75,0.037051215
KT2440,1,20,23.75,0.058239112
KT2440,1,15,23.75,3.059793339
KT2440,1,10,23.75,5.9794553
KT2440,1,5,23.75,5.879324058
KT2440,1,2,23.75,5.875472856
KT2440,1,1,23.75,5.867770453
KT2440,1,0,23.75,5.652103163
KT2440,2,90,23.75,0.07171203
KT2440,2,70,23.75,0.044753619
KT2440,2,50,23.75,0.052456022
KT2440,2,25,23.75,0.029348812
KT2440,2,20,23.75,0.044799317
KT2440,2,15,23.75,3.30170965
KT2440,2,10,23.75,6.056479332
KT2440,2,5,23.75,5.863919251
KT2440,2,2,23.75,5.863919251
KT2440,2,1,23.75,5.863919251
KT2440,2,0,23.75,5.825407235
KT2440,3,90,23.75,0.09481924
KT2440,3,70,23.75,0.083265635
KT2440,3,50,23.75,0.083265635
KT2440,3,25,23.75,0.040902417
KT2440,3,20,23.75,0.044799317
KT2440,3,15,23.75,3.507786507
KT2440,3,10,23.75,6.010264913
KT2440,3,5,23.75,5.840812042
KT2440,3,2,23.75,5.848514445
KT2440,3,1,23.75,5.863919251
KT2440,3,0,23.75,5.817704832
KT2440,1,90,24,0.067993628
KT2440,1,70,24,0.04873762
KT2440,1,50,24,0.056440024
KT2440,1,25,24,0.037184016
KT2440,1,20,24,0.058239112
KT2440,1,15,24,3.064273271
KT2440,1,10,24,5.964183293
KT2440,1,5,24,5.875605656
KT2440,1,2,24,5.86020085
KT2440,1,1,24,5.852498447
KT2440,1,0,24,5.652235963
KT2440,2,90,24,0.07184483
KT2440,2,70,24,0.044886419
KT2440,2,50,24,0.056440024
KT2440,2,25,24,0.029481612
KT2440,2,20,24,0.040319385
KT2440,2,15,24,3.256910333
KT2440,2,10,24,6.068165737
KT2440,2,5,24,5.871754455
KT2440,2,2,24,5.867903253
KT2440,2,1,24,5.867903253
KT2440,2,0,24,5.821688834
KT2440,3,90,24,0.09495204
KT2440,3,70,24,0.079547233
KT2440,3,50,24,0.079547233
KT2440,3,25,24,0.044886419
KT2440,3,20,24,0.044799317
KT2440,3,15,24,3.512266439
KT2440,3,10,24,6.006546511
KT2440,3,5,24,5.844796043
KT2440,3,2,24,5.852498447
KT2440,3,1,24,5.864052051
KT2440,3,0,24,5.817837632
KT2440,1,90,24.25,0.068126428
KT2440,1,70,24.25,0.04887042
KT2440,1,50,24.25,0.056572824
KT2440,1,25,24.25,0.037316816
KT2440,1,20,24.25,0.058239112
KT2440,1,15,24.25,3.077713066
KT2440,1,10,24.25,5.960464892
KT2440,1,5,24.25,5.868036053
KT2440,1,2,24.25,5.848780045
KT2440,1,1,24.25,5.829524037
KT2440,1,0,24.25,5.640815158
KT2440,2,90,24.25,0.07197763
KT2440,2,70,24.25,0.045019219
KT2440,2,50,24.25,0.052721622
KT2440,2,25,24.25,0.029614412
KT2440,2,20,24.25,0.040319385
KT2440,2,15,24.25,3.279309991
KT2440,2,10,24.25,6.079852142
KT2440,2,5,24.25,5.875738456
KT2440,2,2,24.25,5.868036053
KT2440,2,1,24.25,5.871887255
KT2440,2,0,24.25,5.825672835
KT2440,3,90,24.25,0.09508484
KT2440,3,70,24.25,0.075828832
KT2440,3,50,24.25,0.075828832
KT2440,3,25,24.25,0.041168017
KT2440,3,20,24.25,0.044799317
KT2440,3,15,24.25,3.449547395
KT2440,3,10,24.25,5.998976908
KT2440,3,5,24.25,5.848780045
KT2440,3,2,24.25,5.856482448
KT2440,3,1,24.25,5.864184852
KT2440,3,0,24.25,5.817970432
KT2440,1,90,24.5,0.067860828
KT2440,1,70,24.5,0.04860482
KT2440,1,50,24.5,0.056307224
KT2440,1,25,24.5,0.037051215
KT2440,1,20,24.5,0.062719044
KT2440,1,15,24.5,3.073233134
KT2440,1,10,24.5,5.967901695
KT2440,1,5,24.5,5.856216848
KT2440,1,2,24.5,5.833109639
KT2440,1,1,24.5,5.829258437
KT2440,1,0,24.5,5.628995953
KT2440,2,90,24.5,0.07171203
KT2440,2,70,24.5,0.044753619
KT2440,2,50,24.5,0.060158425
KT2440,2,25,24.5,0.033200014
KT2440,2,20,24.5,0.044799317
KT2440,2,15,24.5,3.288269855
KT2440,2,10,24.5,6.091140146
KT2440,2,5,24.5,5.875472856
KT2440,2,2,24.5,5.863919251
KT2440,2,1,24.5,5.871621655
KT2440,2,0,24.5,5.821556034
KT2440,3,90,24.5,0.09481924
KT2440,3,70,24.5,0.079414433
KT2440,3,50,24.5,0.079414433
KT2440,3,25,24.5,0.044753619
KT2440,3,20,24.5,0.044799317
KT2440,3,15,24.5,3.395788215
KT2440,3,10,24.5,5.994860106
KT2440,3,5,24.5,5.848514445
KT2440,3,2,24.5,5.856216848
KT2440,3,1,24.5,5.863919251
KT2440,3,0,24.5,5.817704832
KT2440,1,90,24.75,0.068126428
KT2440,1,70,24.75,0.04887042
KT2440,1,50,24.75,0.060424025
KT2440,1,25,24.75,0.037316816
KT2440,1,20,24.75,0.062719044
KT2440,1,15,24.75,3.077713066
KT2440,1,10,24.75,5.968167295
KT2440,1,5,24.75,5.848780045
KT2440,1,2,24.75,5.829524037
KT2440,1,1,24.75,5.841077642
KT2440,1,0,24.75,5.625410352
KT2440,2,90,24.75,0.075828832
KT2440,2,70,24.75,0.04887042
KT2440,2,50,24.75,0.060424025
KT2440,2,25,24.75,0.029614412
KT2440,2,20,24.75,0.044799317
KT2440,2,15,24.75,3.30170965
KT2440,2,10,24.75,6.110661755
KT2440,2,5,24.75,5.891143263
KT2440,2,2,24.75,5.875738456
KT2440,2,1,24.75,5.875738456
KT2440,2,0,24.75,5.829524037
KT2440,3,90,24.75,0.091233638
KT2440,3,70,24.75,0.07197763
KT2440,3,50,24.75,0.091233638
KT2440,3,25,24.75,0.045019219
KT2440,3,20,24.75,0.044799317
KT2440,3,15,24.75,3.418187873
KT2440,3,10,24.75,6.010530513
KT2440,3,5,24.75,5.856482448
KT2440,3,2,24.75,5.864184852
KT2440,3,1,24.75,5.871887255
KT2440,3,0,24.75,5.825672835
KT2440,1,90,25,0.067993628
KT2440,1,70,25,0.04873762
KT2440,1,50,25,0.060291225
KT2440,1,25,25,0.037184016
KT2440,1,20,25,0.067198975
KT2440,1,15,25,3.077713066
KT2440,1,10,25,5.968034495
KT2440,1,5,25,5.833242439
KT2440,1,2,25,5.813986431
KT2440,1,1,25,5.840944842
KT2440,1,0,25,5.606021544
KT2440,2,90,25,0.07184483
KT2440,2,70,25,0.044886419
KT2440,2,50,25,0.052588822
KT2440,2,25,25,0.029481612
KT2440,2,20,25,0.044799317
KT2440,2,15,25,3.310669513
KT2440,2,10,25,6.114380156
KT2440,2,5,25,5.887159261
KT2440,2,2,25,5.871754455
KT2440,2,1,25,5.864052051
KT2440,2,0,25,5.829391237
KT2440,3,90,25,0.091100838
KT2440,3,70,25,0.067993628
KT2440,3,50,25,0.07184483
KT2440,3,25,25,0.044886419
KT2440,3,20,25,0.044799317
KT2440,3,15,25,3.431627668
KT2440,3,10,25,6.006546511
KT2440,3,5,25,5.852498447
KT2440,3,2,25,5.86020085
KT2440,3,1,25,5.864052051
KT2440,3,0,25,5.821688834
KT2440,1,90,25.25,0.067993628
KT2440,1,70,25.25,0.04873762
KT2440,1,50,25.25,0.060291225
KT2440,1,25,25.25,0.037184016
KT2440,1,20,25.25,0.067198975
KT2440,1,15,25.25,3.077713066
KT2440,1,10,25.25,5.952629689
KT2440,1,5,25.25,5.817837632
KT2440,1,2,25.25,5.802432826
KT2440,1,1,25.25,5.829391237
KT2440,1,0,25.25,5.590616737
KT2440,2,90,25.25,0.07184483
KT2440,2,70,25.25,0.044886419
KT2440,2,50,25.25,0.056440024
KT2440,2,25,25.25,0.029481612
KT2440,2,20,25.25,0.044799317
KT2440,2,15,25.25,3.324109308
KT2440,2,10,25.25,6.122082559
KT2440,2,5,25.25,5.891010463
KT2440,2,2,25.25,5.871754455
KT2440,2,1,25.25,5.875605656
KT2440,2,0,25.25,5.821688834
KT2440,3,90,25.25,0.091100838
KT2440,3,70,25.25,0.083398435
KT2440,3,50,25.25,0.079547233
KT2440,3,25,25.25,0.044886419
KT2440,3,20,25.25,0.044799317
KT2440,3,15,25.25,3.449547395
KT2440,3,10,25.25,6.006546511
KT2440,3,5,25.25,5.856349648
KT2440,3,2,25.25,5.864052051
KT2440,3,1,25.25,5.867903253
KT2440,3,0,25.25,5.829391237
KT2440,1,90,25.5,0.063876827
KT2440,1,70,25.5,0.04847202
KT2440,1,50,25.5,0.056174423
KT2440,1,25,25.5,0.036918415
KT2440,1,20,25.5,0.071678907
KT2440,1,15,25.5,3.077713066
KT2440,1,10,25.5,5.944661685
KT2440,1,5,25.5,5.806018427
KT2440,1,2,25.5,5.775208814
KT2440,1,1,25.5,5.817572032
KT2440,1,0,25.5,5.571095129
KT2440,2,90,25.5,0.07157923
KT2440,2,70,25.5,0.044620819
KT2440,2,50,25.5,0.056174423
KT2440,2,25,25.5,0.029216012
KT2440,2,20,25.5,0.044799317
KT2440,2,15,25.5,3.333069171
KT2440,2,10,25.5,6.129519362
KT2440,2,5,25.5,5.894596064
KT2440,2,2,25.5,5.879191258
KT2440,2,1,25.5,5.871488855
KT2440,2,0,25.5,5.821423234
KT2440,3,90,25.5,0.090835238
KT2440,3,70,25.5,0.063876827
KT2440,3,50,25.5,0.075430432
KT2440,3,25,25.5,0.044620819
KT2440,3,20,25.5,0.044799317
KT2440,3,15,25.5,3.458507259
KT2440,3,10,25.5,6.017834516
KT2440,3,5,25.5,5.85993525
KT2440,3,2,25.5,5.871488855
KT2440,3,1,25.5,5.871488855
KT2440,3,0,25.5,5.832976838
KT2440,1,90,25.75,0.064009627
KT2440,1,70,25.75,0.04860482
KT2440,1,50,25.75,0.056307224
KT2440,1,25,25.75,0.037051215
KT2440,1,20,25.75,0.071678907
KT2440,1,15,25.75,3.077713066
KT2440,1,10,25.75,5.93324088
KT2440,1,5,25.75,5.783044018
KT2440,1,2,25.75,5.759936808
KT2440,1,1,25.75,5.794597622
KT2440,1,0,25.75,5.559674324
KT2440,2,90,25.75,0.07171203
KT2440,2,70,25.75,0.044753619
KT2440,2,50,25.75,0.052456022
KT2440,2,25,25.75,0.029348812
KT2440,2,20,25.75,0.044799317
KT2440,2,15,25.75,3.350988898
KT2440,2,10,25.75,6.129652163
KT2440,2,5,25.75,5.894728864
KT2440,2,2,25.75,5.879324058
KT2440,2,1,25.75,5.871621655
KT2440,2,0,25.75,5.817704832
KT2440,3,90,25.75,0.090968038
KT2440,3,70,25.75,0.07171203
KT2440,3,50,25.75,0.07171203
KT2440,3,25,25.75,0.044753619
KT2440,3,20,25.75,0.049279249
KT2440,3,15,25.75,3.471947054
KT2440,3,10,25.75,6.029520921
KT2440,3,5,25.75,5.863919251
KT2440,3,2,25.75,5.86006805
KT2440,3,1,25.75,5.867770453
KT2440,3,0,25.75,5.829258437
KT2440,1,90,26,0.064275227
KT2440,1,70,26,0.04887042
KT2440,1,50,26,0.056572824
KT2440,1,25,26,0.037316816
KT2440,1,20,26,0.076158839
KT2440,1,15,26,3.077713066
KT2440,1,10,26,5.887292061
KT2440,1,5,26,5.775607215
KT2440,1,2,26,5.737095198
KT2440,1,1,26,5.783309618
KT2440,1,0,26,5.52527911
KT2440,2,90,26,0.07197763
KT2440,2,70,26,0.045019219
KT2440,2,50,26,0.04887042
KT2440,2,25,26,0.029614412
KT2440,2,20,26,0.044799317
KT2440,2,15,26,3.35546883
KT2440,2,10,26,6.126066561
KT2440,2,5,26,5.898845666
KT2440,2,2,26,5.879589658
KT2440,2,1,26,5.871887255
KT2440,2,0,26,5.817970432
KT2440,3,90,26,0.091233638
KT2440,3,70,26,0.07197763
KT2440,3,50,26,0.075828832
KT2440,3,25,26,0.045019219
KT2440,3,20,26,0.044799317
KT2440,3,15,26,3.480906917
KT2440,3,10,26,6.045191327
KT2440,3,5,26,5.864184852
KT2440,3,2,26,5.856482448
KT2440,3,1,26,5.868036053
KT2440,3,0,26,5.829524037
KT2440,1,90,26.25,0.064142427
KT2440,1,70,26.25,0.04873762
KT2440,1,50,26.25,0.056440024
KT2440,1,25,26.25,0.037184016
KT2440,1,20,26.25,0.076158839
KT2440,1,15,26.25,3.082192997
KT2440,1,10,26.25,5.848647245
KT2440,1,5,26.25,5.756218406
KT2440,1,2,26.25,5.729259995
KT2440,1,1,26.25,5.779325616
KT2440,1,0,26.25,5.47893189
KT2440,2,90,26.25,0.07184483
KT2440,2,70,26.25,0.041035217
KT2440,2,50,26.25,0.04873762
KT2440,2,25,26.25,0.029481612
KT2440,2,20,26.25,0.044799317
KT2440,2,15,26.25,3.359948762
KT2440,2,10,26.25,6.129784963
KT2440,2,5,26.25,5.906415269
KT2440,2,2,26.25,5.879456858
KT2440,2,1,26.25,5.875605656
KT2440,2,0,26.25,5.817837632
KT2440,3,90,26.25,0.091100838
KT2440,3,70,26.25,0.07184483
KT2440,3,50,26.25,0.087249636
KT2440,3,25,26.25,0.041035217
KT2440,3,20,26.25,0.049279249
KT2440,3,15,26.25,3.494346712
KT2440,3,10,26.25,6.056612132
KT2440,3,5,26.25,5.867903253
KT2440,3,2,26.25,5.86020085
KT2440,3,1,26.25,5.871754455
KT2440,3,0,26.25,5.825540035
KT2440,1,90,26.5,0.064275227
KT2440,1,70,26.5,0.04887042
KT2440,1,50,26.5,0.056572824
KT2440,1,25,26.5,0.037316816
KT2440,1,20,26.5,0.08063877
KT2440,1,15,26.5,3.086672929
KT2440,1,10,26.5,5.791012021
KT2440,1,5,26.5,5.752500005
KT2440,1,2,26.5,5.729392795
KT2440,1,1,26.5,5.783309618
KT2440,1,0,26.5,5.390487054
KT2440,2,90,26.5,0.07197763
KT2440,2,70,26.5,0.045019219
KT2440,2,50,26.5,0.056572824
KT2440,2,25,26.5,0.029614412
KT2440,2,20,26.5,0.044799317
KT2440,2,15,26.5,3.377868488
KT2440,2,10,26.5,6.133768964
KT2440,2,5,26.5,5.918101674
KT2440,2,2,26.5,5.898845666
KT2440,2,1,26.5,5.879589658
KT2440,2,0,26.5,5.825672835
KT2440,3,90,26.5,0.091233638
KT2440,3,70,26.5,0.060424025
KT2440,3,50,26.5,0.075828832
KT2440,3,25,26.5,0.045019219
KT2440,3,20,26.5,0.049279249
KT2440,3,15,26.5,3.512266439
KT2440,3,10,26.5,6.072149738
KT2440,3,5,26.5,5.875738456
KT2440,3,2,26.5,5.864184852
KT2440,3,1,26.5,5.875738456
KT2440,3,0,26.5,5.829524037
KT2440,1,90,26.75,0.067993628
KT2440,1,70,26.75,0.04873762
KT2440,1,50,26.75,0.056440024
KT2440,1,25,26.75,0.037184016
KT2440,1,20,26.75,0.085118702
KT2440,1,15,26.75,3.077713066
KT2440,1,10,26.75,5.76392081
KT2440,1,5,26.75,5.713855189
KT2440,1,2,26.75,5.713855189
KT2440,1,1,26.75,5.752367205
KT2440,1,0,26.75,5.355693439
KT2440,2,90,26.75,0.07184483
KT2440,2,70,26.75,0.044886419
KT2440,2,50,26.75,0.052588822
KT2440,2,25,26.75,0.029481612
KT2440,2,20,26.75,0.044799317
KT2440,2,15,26.75,3.373388557
KT2440,2,10,26.75,6.122082559
KT2440,2,5,26.75,5.917968874
KT2440,2,2,26.75,5.898712866
KT2440,2,1,26.75,5.879456858
KT2440,2,0,26.75,5.821688834
KT2440,3,90,26.75,0.091100838
KT2440,3,70,26.75,0.067993628
KT2440,3,50,26.75,0.083398435
KT2440,3,25,26.75,0.041035217
KT2440,3,20,26.75,0.049279249
KT2440,3,15,26.75,3.512266439
KT2440,3,10,26.75,6.07586814
KT2440,3,5,26.75,5.875605656
KT2440,3,2,26.75,5.86020085
KT2440,3,1,26.75,5.875605656
KT2440,3,0,26.75,5.833242439
KT2440,1,90,27,0.063876827
KT2440,1,70,27,0.04847202
KT2440,1,50,27,0.056174423
KT2440,1,25,27,0.036918415
KT2440,1,20,27,0.089598634
KT2440,1,15,27,3.086672929
KT2440,1,10,27,5.744399201
KT2440,1,5,27,5.675077572
KT2440,1,2,27,5.713589589
KT2440,1,1,27,5.732845597
KT2440,1,0,27,5.289957411
KT2440,2,90,27,0.07157923
KT2440,2,70,27,0.044620819
KT2440,2,50,27,0.052323222
KT2440,2,25,27,0.029216012
KT2440,2,20,27,0.049279249
KT2440,2,15,27,3.395788215
KT2440,2,10,27,6.121816959
KT2440,2,5,27,5.917703274
KT2440,2,2,27,5.906149669
KT2440,2,1,27,5.883042459
KT2440,2,0,27,5.81372083
KT2440,3,90,27,0.090835238
KT2440,3,70,27,0.079281633
KT2440,3,50,27,0.079281633
KT2440,3,25,27,0.040769617
KT2440,3,20,27,0.049279249
KT2440,3,15,27,3.525706234
KT2440,3,10,27,6.083304943
KT2440,3,5,27,5.879191258
KT2440,3,2,27,5.85993525
KT2440,3,1,27,5.875340056
KT2440,3,0,27,5.832976838
KT2440,1,90,27.25,0.064142427
KT2440,1,70,27.25,0.04873762
KT2440,1,50,27.25,0.056440024
KT2440,1,25,27.25,0.037184016
KT2440,1,20,27.25,0.089598634
KT2440,1,15,27.25,3.086672929
KT2440,1,10,27.25,5.686896777
KT2440,1,5,27.25,5.648384761
KT2440,1,2,27.25,5.706152785
KT2440,1,1,27.25,5.71770639
KT2440,1,0,27.25,5.197794173
KT2440,2,90,27.25,0.07184483
KT2440,2,70,27.25,0.044886419
KT2440,2,50,27.25,0.056440024
KT2440,2,25,27.25,0.029481612
KT2440,2,20,27.25,0.049279249
KT2440,2,15,27.25,3.404748078
KT2440,2,10,27.25,6.122082559
KT2440,2,5,27.25,5.921820076
KT2440,2,2,27.25,5.906415269
KT2440,2,1,27.25,5.887159261
KT2440,2,0,27.25,5.813986431
KT2440,3,90,27.25,0.091100838
KT2440,3,70,27.25,0.075696032
KT2440,3,50,27.25,0.07184483
KT2440,3,25,27.25,0.041035217
KT2440,3,20,27.25,0.049279249
KT2440,3,15,27.25,3.539146029
KT2440,3,10,27.25,6.091272946
KT2440,3,5,27.25,5.879456858
KT2440,3,2,27.25,5.86020085
KT2440,3,1,27.25,5.879456858
KT2440,3,0,27.25,5.825540035
KT2440,1,90,27.5,0.064142427
KT2440,1,70,27.5,0.04873762
KT2440,1,50,27.5,0.056440024
KT2440,1,25,27.5,0.037184016
KT2440,1,20,27.5,0.098558497
KT2440,1,15,27.5,3.091152861
KT2440,1,10,27.5,5.710003987
KT2440,1,5,27.5,5.625277552
KT2440,1,2,27.5,5.702301584
KT2440,1,1,27.5,5.710003987
KT2440,1,0,27.5,5.101514133
KT2440,2,90,27.5,0.07184483
KT2440,2,70,27.5,0.044886419
KT2440,2,50,27.5,0.052588822
KT2440,2,25,27.5,0.029481612
KT2440,2,20,27.5,0.05375918
KT2440,2,15,27.5,3.422667805
KT2440,2,10,27.5,6.129784963
KT2440,2,5,27.5,5.921820076
KT2440,2,2,27.5,5.906415269
KT2440,2,1,27.5,5.887159261
KT2440,2,0,27.5,5.806284027
KT2440,3,90,27.5,0.091100838
KT2440,3,70,27.5,0.07184483
KT2440,3,50,27.5,0.075696032
KT2440,3,25,27.5,0.041035217
KT2440,3,20,27.5,0.049279249
KT2440,3,15,27.5,3.552585824
KT2440,3,10,27.5,6.09897535
KT2440,3,5,27.5,5.879456858
KT2440,3,2,27.5,5.856349648
KT2440,3,1,27.5,5.879456858
KT2440,3,0,27.5,5.825540035
KT2440,1,90,27.75,0.064275227
KT2440,1,70,27.75,0.04887042
KT2440,1,50,27.75,0.056572824
KT2440,1,25,27.75,0.037316816
KT2440,1,20,27.75,0.098558497
KT2440,1,15,27.75,3.086672929
KT2440,1,10,27.75,5.706285586
KT2440,1,5,27.75,5.606154344
KT2440,1,2,27.75,5.683178376
KT2440,1,1,27.75,5.706285586
KT2440,1,0,27.75,5.005366893
KT2440,2,90,27.75,0.07197763
KT2440,2,70,27.75,0.045019219
KT2440,2,50,27.75,0.052721622
KT2440,2,25,27.75,0.029614412
KT2440,2,20,27.75,0.049279249
KT2440,2,15,27.75,3.427147737
KT2440,2,10,27.75,6.126066561
KT2440,2,5,27.75,5.925804077
KT2440,2,2,27.75,5.894994464
KT2440,2,1,27.75,5.887292061
KT2440,2,0,27.75,5.798714424
KT2440,3,90,27.75,0.091233638
KT2440,3,70,27.75,0.064275227
KT2440,3,50,27.75,0.079680033
KT2440,3,25,27.75,0.045019219
KT2440,3,20,27.75,0.049279249
KT2440,3,15,27.75,3.561545687
KT2440,3,10,27.75,6.102959351
KT2440,3,5,27.75,5.879589658
KT2440,3,2,27.75,5.86033365
KT2440,3,1,27.75,5.879589658
KT2440,3,0,27.75,5.817970432
KT2440,1,90,28,0.064142427
KT2440,1,70,28,0.04873762
KT2440,1,50,28,0.056440024
KT2440,1,25,28,0.037184016
KT2440,1,20,28,0.10751836
KT2440,1,15,28,3.086672929
KT2440,1,10,28,5.663789568
KT2440,1,5,28,5.590616737
KT2440,1,2,28,5.671491971
KT2440,1,1,28,5.686896777
KT2440,1,0,28,4.920507657
KT2440,2,90,28,0.07184483
KT2440,2,70,28,0.044886419
KT2440,2,50,28,0.052588822
KT2440,2,25,28,0.029481612
KT2440,2,20,28,0.049279249
KT2440,2,15,28,3.440587532
KT2440,2,10,28,6.122082559
KT2440,2,5,28,5.925671277
KT2440,2,2,28,5.887159261
KT2440,2,1,28,5.891010463
KT2440,2,0,28,5.798581624
KT2440,3,90,28,0.091100838
KT2440,3,70,28,0.067993628
KT2440,3,50,28,0.079547233
KT2440,3,25,28,0.041035217
KT2440,3,20,28,0.049279249
KT2440,3,15,28,3.574985482
KT2440,3,10,28,6.102826551
KT2440,3,5,28,5.879456858
KT2440,3,2,28,5.856349648
KT2440,3,1,28,5.875605656
KT2440,3,0,28,5.817837632
KT2440,1,90,28.25,0.064009627
KT2440,1,70,28.25,0.04860482
KT2440,1,50,28.25,0.056307224
KT2440,1,25,28.25,0.037051215
KT2440,1,20,28.25,0.111998292
KT2440,1,15,28.25,3.086672929
KT2440,1,10,28.25,5.671359171
KT2440,1,5,28.25,5.582781534
KT2440,1,2,28.25,5.64440076
KT2440,1,1,28.25,5.663656768
KT2440,1,0,28.25,4.816392413
KT2440,2,90,28.25,0.07171203
KT2440,2,70,28.25,0.04860482
KT2440,2,50,28.25,0.052456022
KT2440,2,25,28.25,0.029348812
KT2440,2,20,28.25,0.049279249
KT2440,2,15,28.25,3.454027327
KT2440,2,10,28.25,6.114247356
KT2440,2,5,28.25,5.929389679
KT2440,2,2,28.25,5.883175259
KT2440,2,1,28.25,5.890877663
KT2440,2,0,28.25,5.783044018
KT2440,3,90,28.25,0.090968038
KT2440,3,70,28.25,0.07171203
KT2440,3,50,28.25,0.07171203
KT2440,3,25,28.25,0.040902417
KT2440,3,20,28.25,0.049279249
KT2440,3,15,28.25,3.588425277
KT2440,3,10,28.25,6.102693751
KT2440,3,5,28.25,5.879324058
KT2440,3,2,28.25,5.852365647
KT2440,3,1,28.25,5.887026461
KT2440,3,0,28.25,5.817704832
KT2440,1,90,28.5,0.063611227
KT2440,1,70,28.5,0.04820642
KT2440,1,50,28.5,0.055908823
KT2440,1,25,28.5,0.036652815
KT2440,1,20,28.5,0.116478224
KT2440,1,15,28.5,3.082192997
KT2440,1,10,28.5,5.690216779
KT2440,1,5,28.5,5.559275924
KT2440,1,2,28.5,5.601639142
KT2440,1,1,28.5,5.632448755
KT2440,1,0,28.5,4.738969981
KT2440,2,90,28.5,0.07131363
KT2440,2,70,28.5,0.044355219
KT2440,2,50,28.5,0.04820642
KT2440,2,25,28.5,0.028950412
KT2440,2,20,28.5,0.05375918
KT2440,2,15,28.5,3.46298719
KT2440,2,10,28.5,6.106146553
KT2440,2,5,28.5,5.928991279
KT2440,2,2,28.5,5.875074456
KT2440,2,1,28.5,5.886628061
KT2440,2,0,28.5,5.767240811
KT2440,3,90,28.5,0.090569638
KT2440,3,70,28.5,0.07131363
KT2440,3,50,28.5,0.082867235
KT2440,3,25,28.5,0.040504017
KT2440,3,20,28.5,0.049279249
KT2440,3,15,28.5,3.601865072
KT2440,3,10,28.5,6.102295351
KT2440,3,5,28.5,5.875074456
KT2440,3,2,28.5,5.848116045
KT2440,3,1,28.5,5.875074456
KT2440,3,0,28.5,5.801901625
KT2440,1,90,28.75,0.063876827
KT2440,1,70,28.75,0.04847202
KT2440,1,50,28.75,0.056174423
KT2440,1,25,28.75,0.036918415
KT2440,1,20,28.75,0.120958155
KT2440,1,15,28.75,3.082192997
KT2440,1,10,28.75,5.659672766
KT2440,1,5,28.75,5.532583113
KT2440,1,2,28.75,5.574946331
KT2440,1,1,28.75,5.628863153
KT2440,1,0,28.75,4.719979573
KT2440,2,90,28.75,0.067728028
KT2440,2,70,28.75,0.044620819
KT2440,2,50,28.75,0.04847202
KT2440,2,25,28.75,0.029216012
KT2440,2,20,28.75,0.05375918
KT2440,2,15,28.75,3.480906917
KT2440,2,10,28.75,6.110263354
KT2440,2,5,28.75,5.93310808
KT2440,2,2,28.75,5.875340056
KT2440,2,1,28.75,5.886893661
KT2440,2,0,28.75,5.767506411
KT2440,3,90,28.75,0.090835238
KT2440,3,70,28.75,0.07157923
KT2440,3,50,28.75,0.083132835
KT2440,3,25,28.75,0.040769617
KT2440,3,20,28.75,0.058239112
KT2440,3,15,28.75,3.615304867
KT2440,3,10,28.75,6.106412153
KT2440,3,5,28.75,5.879191258
KT2440,3,2,28.75,5.852232847
KT2440,3,1,28.75,5.875340056
KT2440,3,0,28.75,5.794464822
KT2440,1,90,29,0.063876827
KT2440,1,70,29,0.04847202
KT2440,1,50,29,0.060025625
KT2440,1,25,29,0.036918415
KT2440,1,20,29,0.129918019
KT2440,1,15,29,3.086672929
KT2440,1,10,29,5.636565556
KT2440,1,5,29,5.5017735
KT2440,1,2,29,5.563392726
KT2440,1,1,29,5.609607145
KT2440,1,0,29,4.708425968
KT2440,2,90,29,0.07157923
KT2440,2,70,29,0.044620819
KT2440,2,50,29,0.052323222
KT2440,2,25,29,0.029216012
KT2440,2,20,29,0.05375918
KT2440,2,15,29,3.498826644
KT2440,2,10,29,6.110263354
KT2440,2,5,29,5.936959282
KT2440,2,2,29,5.879191258
KT2440,2,1,29,5.894596064
KT2440,2,0,29,5.755952806
KT2440,3,90,29,0.090835238
KT2440,3,70,29,0.079281633
KT2440,3,50,29,0.079281633
KT2440,3,25,29,0.040769617
KT2440,3,20,29,0.05375918
KT2440,3,15,29,3.633224594
KT2440,3,10,29,6.106412153
KT2440,3,5,29,5.886893661
KT2440,3,2,29,5.856084048
KT2440,3,1,29,5.883042459
KT2440,3,0,29,5.786762419
KT2440,1,90,29.25,0.060025625
KT2440,1,70,29.25,0.04847202
KT2440,1,50,29.25,0.056174423
KT2440,1,25,29.25,0.036918415
KT2440,1,20,29.25,0.13439795
KT2440,1,15,29.25,3.086672929
KT2440,1,10,29.25,5.563392726
KT2440,1,5,29.25,5.482517492
KT2440,1,2,29.25,5.52488071
KT2440,1,1,29.25,5.578797532
KT2440,1,0,29.25,4.700723565
KT2440,2,90,29.25,0.067728028
KT2440,2,70,29.25,0.044620819
KT2440,2,50,29.25,0.052323222
KT2440,2,25,29.25,0.029216012
KT2440,2,20,29.25,0.05375918
KT2440,2,15,29.25,3.512266439
KT2440,2,10,29.25,6.110263354
KT2440,2,5,29.25,5.944661685
KT2440,2,2,29.25,5.883042459
KT2440,2,1,29.25,5.890744863
KT2440,2,0,29.25,5.752101605
KT2440,3,90,29.25,0.090835238
KT2440,3,70,29.25,0.063876827
KT2440,3,50,29.25,0.079281633
KT2440,3,25,29.25,0.040769617
KT2440,3,20,29.25,0.05375918
KT2440,3,15,29.25,3.646664389
KT2440,3,10,29.25,6.106412153
KT2440,3,5,29.25,5.886893661
KT2440,3,2,29.25,5.856084048
KT2440,3,1,29.25,5.883042459
KT2440,3,0,29.25,5.775208814
KT2440,1,90,29.5,0.060025625
KT2440,1,70,29.5,0.04847202
KT2440,1,50,29.5,0.056174423
KT2440,1,25,29.5,0.036918415
KT2440,1,20,29.5,0.147837746
KT2440,1,15,29.5,3.086672929
KT2440,1,10,29.5,5.547987919
KT2440,1,5,29.5,5.432451871
KT2440,1,2,29.5,5.463261484
KT2440,1,1,29.5,5.521029508
KT2440,1,0,29.5,4.685318759
KT2440,2,90,29.5,0.07157923
KT2440,2,70,29.5,0.044620819
KT2440,2,50,29.5,0.060025625
KT2440,2,25,29.5,0.029216012
KT2440,2,20,29.5,0.058239112
KT2440,2,15,29.5,3.530186165
KT2440,2,10,29.5,6.110263354
KT2440,2,5,29.5,5.93310808
KT2440,2,2,29.5,5.863786451
KT2440,2,1,29.5,5.879191258
KT2440,2,0,29.5,5.725143193
KT2440,3,90,29.5,0.086984036
KT2440,3,70,29.5,0.075430432
KT2440,3,50,29.5,0.07157923
KT2440,3,25,29.5,0.040769617
KT2440,3,20,29.5,0.05375918
KT2440,3,15,29.5,3.660104184
KT2440,3,10,29.5,6.110263354
KT2440,3,5,29.5,5.883042459
KT2440,3,2,29.5,5.848381645
KT2440,3,1,29.5,5.871488855
KT2440,3,0,29.5,5.755952806
KT2440,1,90,29.75,0.060158425
KT2440,1,70,29.75,0.04860482
KT2440,1,50,29.75,0.056307224
KT2440,1,25,29.75,0.037051215
KT2440,1,20,29.75,0.156797609
KT2440,1,15,29.75,3.086672929
KT2440,1,10,29.75,5.517311107
KT2440,1,5,29.75,5.374816647
KT2440,1,2,29.75,5.455691881
KT2440,1,1,29.75,5.486501494
KT2440,1,0,29.75,4.662344349
KT2440,2,90,29.75,0.067860828
KT2440,2,70,29.75,0.044753619
KT2440,2,50,29.75,0.052456022
KT2440,2,25,29.75,0.033200014
KT2440,2,20,29.75,0.058239112
KT2440,2,15,29.75,3.539146029
KT2440,2,10,29.75,6.110396154
KT2440,2,5,29.75,5.940943284
KT2440,2,2,29.75,5.879324058
KT2440,2,1,29.75,5.883175259
KT2440,2,0,29.75,5.713722389
KT2440,3,90,29.75,0.087116836
KT2440,3,70,29.75,0.079414433
KT2440,3,50,29.75,0.075563232
KT2440,3,25,29.75,0.044753619
KT2440,3,20,29.75,0.05375918
KT2440,3,15,29.75,3.673543979
KT2440,3,10,29.75,6.106544953
KT2440,3,5,29.75,5.887026461
KT2440,3,2,29.75,5.848514445
KT2440,3,1,29.75,5.879324058
KT2440,3,0,29.75,5.76378801
KT2440,1,90,30,0.060025625
KT2440,1,70,30,0.04847202
KT2440,1,50,30,0.060025625
KT2440,1,25,30,0.036918415
KT2440,1,20,30,0.165757472
KT2440,1,15,30,3.077713066
KT2440,1,10,30,5.494071097
KT2440,1,5,30,5.228338186
KT2440,1,2,30,5.444005476
KT2440,1,1,30,5.444005476
KT2440,1,0,30,4.646806743
KT2440,2,90,30,0.067728028
KT2440,2,70,30,0.044620819
KT2440,2,50,30,0.04847202
KT2440,2,25,30,0.029216012
KT2440,2,20,30,0.062719044
KT2440,2,15,30,3.543625961
KT2440,2,10,30,6.102560951
KT2440,2,5,30,5.940810484
KT2440,2,2,30,5.879191258
KT2440,2,1,30,5.883042459
KT2440,2,0,30,5.694333581
KT2440,3,90,30,0.086984036
KT2440,3,70,30,0.067728028
KT2440,3,50,30,0.086984036
KT2440,3,25,30,0.040769617
KT2440,3,20,30,0.05375918
KT2440,3,15,30,3.682503843
KT2440,3,10,30,6.09870975
KT2440,3,5,30,5.886893661
KT2440,3,2,30,5.840679242
KT2440,3,1,30,5.875340056
KT2440,3,0,30,5.76365521
KT2440,1,90,30.25,0.060424025
KT2440,1,70,30.25,0.04887042
KT2440,1,50,30.25,0.056572824
KT2440,1,25,30.25,0.037316816
KT2440,1,20,30.25,0.174717336
KT2440,1,15,30.25,3.077713066
KT2440,1,10,30.25,5.459808682
KT2440,1,5,30.25,5.16711736
KT2440,1,2,30.25,5.421296666
KT2440,1,1,30.25,5.409743062
KT2440,1,0,30.25,4.635651538
KT2440,2,90,30.25,0.068126428
KT2440,2,70,30.25,0.041168017
KT2440,2,50,30.25,0.04887042
KT2440,2,25,30.25,0.029614412
KT2440,2,20,30.25,0.062719044
KT2440,2,15,30.25,3.557065756
KT2440,2,10,30.25,6.102959351
KT2440,2,5,30.25,5.941208884
KT2440,2,2,30.25,5.875738456
KT2440,2,1,30.25,5.891143263
KT2440,2,0,30.25,5.683178376
KT2440,3,90,30.25,0.087382437
KT2440,3,70,30.25,0.07197763
KT2440,3,50,30.25,0.083531235
KT2440,3,25,30.25,0.041168017
KT2440,3,20,30.25,0.05375918
KT2440,3,15,30.25,3.695943638
KT2440,3,10,30.25,6.106810553
KT2440,3,5,30.25,5.88344086
KT2440,3,2,30.25,5.841077642
KT2440,3,1,30.25,5.871887255
KT2440,3,0,30.25,5.76405361
KT2440,1,90,30.5,0.060158425
KT2440,1,70,30.5,0.04860482
KT2440,1,50,30.5,0.056307224
KT2440,1,25,30.5,0.037051215
KT2440,1,20,30.5,0.188157131
KT2440,1,15,30.5,3.073233134
KT2440,1,10,30.5,5.432584671
KT2440,1,5,30.5,5.147595752
KT2440,1,2,30.5,5.40562626
KT2440,1,1,30.5,5.394072655
KT2440,1,0,30.5,4.627683535
KT2440,2,90,30.5,0.07171203
KT2440,2,70,30.5,0.044753619
KT2440,2,50,30.5,0.04860482
KT2440,2,25,30.5,0.029348812
KT2440,2,20,30.5,0.067198975
KT2440,2,15,30.5,3.574985482
KT2440,2,10,30.5,6.106544953
KT2440,2,5,30.5,5.944794485
KT2440,2,2,30.5,5.875472856
KT2440,2,1,30.5,5.887026461
KT2440,2,0,30.5,5.682912776
KT2440,3,90,30.5,0.087116836
KT2440,3,70,30.5,0.067860828
KT2440,3,50,30.5,0.075563232
KT2440,3,25,30.5,0.040902417
KT2440,3,20,30.5,0.058239112
KT2440,3,15,30.5,3.709383433
KT2440,3,10,30.5,6.114247356
KT2440,3,5,30.5,5.887026461
KT2440,3,2,30.5,5.83696084
KT2440,3,1,30.5,5.875472856
KT2440,3,0,30.5,5.759936808
KT2440,1,90,30.75,0.060291225
KT2440,1,70,30.75,0.04873762
KT2440,1,50,30.75,0.056440024
KT2440,1,25,30.75,0.033332814
KT2440,1,20,30.75,0.197116994
KT2440,1,15,30.75,3.077713066
KT2440,1,10,30.75,5.374949447
KT2440,1,5,30.75,5.105365334
KT2440,1,2,30.75,5.394205455
KT2440,1,1,30.75,5.371098245
KT2440,1,0,30.75,4.612411528
KT2440,2,90,30.75,0.067993628
KT2440,2,70,30.75,0.044886419
KT2440,2,50,30.75,0.04873762
KT2440,2,25,30.75,0.029481612
KT2440,2,20,30.75,0.067198975
KT2440,2,15,30.75,3.583945346
KT2440,2,10,30.75,6.110528955
KT2440,2,5,30.75,5.948778487
KT2440,2,2,30.75,5.879456858
KT2440,2,1,30.75,5.894861664
KT2440,2,0,30.75,5.671491971
KT2440,3,90,30.75,0.087249636
KT2440,3,70,30.75,0.067993628
KT2440,3,50,30.75,0.087249636
KT2440,3,25,30.75,0.044886419
KT2440,3,20,30.75,0.058239112
KT2440,3,15,30.75,3.722823228
KT2440,3,10,30.75,6.110528955
KT2440,3,5,30.75,5.891010463
KT2440,3,2,30.75,5.83709364
KT2440,3,1,30.75,5.879456858
KT2440,3,0,30.75,5.756218406
KT2440,1,90,31,0.064009627
KT2440,1,70,31,0.04860482
KT2440,1,50,31,0.060158425
KT2440,1,25,31,0.033200014
KT2440,1,20,31,0.210556789
KT2440,1,15,31,3.073233134
KT2440,1,10,31,5.328602228
KT2440,1,5,31,5.082125325
KT2440,1,2,31,5.359411841
KT2440,1,1,31,5.351709437
KT2440,1,0,31,4.59302272
KT2440,2,90,31,0.067860828
KT2440,2,70,31,0.040902417
KT2440,2,50,31,0.052456022
KT2440,2,25,31,0.029348812
KT2440,2,20,31,0.067198975
KT2440,2,15,31,3.583945346
KT2440,2,10,31,6.114247356
KT2440,2,5,31,5.944794485
KT2440,2,2,31,5.867770453
KT2440,2,1,31,5.887026461
KT2440,2,0,31,5.663656768
KT2440,3,90,31,0.087116836
KT2440,3,70,31,0.07171203
KT2440,3,50,31,0.075563232
KT2440,3,25,31,0.040902417
KT2440,3,20,31,0.062719044
KT2440,3,15,31,3.72730316
KT2440,3,10,31,6.114247356
KT2440,3,5,31,5.883175259
KT2440,3,2,31,5.829258437
KT2440,3,1,31,5.871621655
KT2440,3,0,31,5.736829598
KT2440,1,90,31.25,0.060158425
KT2440,1,70,31.25,0.04860482
KT2440,1,50,31.25,0.056307224
KT2440,1,25,31.25,0.037051215
KT2440,1,20,31.25,0.228476516
KT2440,1,15,31.25,3.073233134
KT2440,1,10,31.25,5.220768583
KT2440,1,5,31.25,5.001250091
KT2440,1,2,31.25,5.328602228
KT2440,1,1,31.25,5.336304631
KT2440,1,0,31.25,4.59302272
KT2440,2,90,31.25,0.067860828
KT2440,2,70,31.25,0.040902417
KT2440,2,50,31.25,0.052456022
KT2440,2,25,31.25,0.029348812
KT2440,2,20,31.25,0.071678907
KT2440,2,15,31.25,3.597385141
KT2440,2,10,31.25,6.121949759
KT2440,2,5,31.25,5.952496888
KT2440,2,2,31.25,5.867770453
KT2440,2,1,31.25,5.890877663
KT2440,2,0,31.25,5.652103163
KT2440,3,90,31.25,0.087116836
KT2440,3,70,31.25,0.083265635
KT2440,3,50,31.25,0.075563232
KT2440,3,25,31.25,0.040902417
KT2440,3,20,31.25,0.062719044
KT2440,3,15,31.25,3.749702818
KT2440,3,10,31.25,6.121949759
KT2440,3,5,31.25,5.890877663
KT2440,3,2,31.25,5.833109639
KT2440,3,1,31.25,5.875472856
KT2440,3,0,31.25,5.71757359
KT2440,1,90,31.5,0.060291225
KT2440,1,70,31.5,0.04873762
KT2440,1,50,31.5,0.060291225
KT2440,1,25,31.5,0.033332814
KT2440,1,20,31.5,0.241916311
KT2440,1,15,31.5,3.073233134
KT2440,1,10,31.5,5.089960528
KT2440,1,5,31.5,4.901251649
KT2440,1,2,31.5,5.305627818
KT2440,1,1,31.5,5.297925415
KT2440,1,0,31.5,4.570048311
KT2440,2,90,31.5,0.067993628
KT2440,2,70,31.5,0.041035217
KT2440,2,50,31.5,0.052588822
KT2440,2,25,31.5,0.029481612
KT2440,2,20,31.5,0.071678907
KT2440,2,15,31.5,3.601865072
KT2440,2,10,31.5,6.125933761
KT2440,2,5,31.5,5.941076084
KT2440,2,2,31.5,5.867903253
KT2440,2,1,31.5,5.88330806
KT2440,2,0,31.5,5.629128753
KT2440,3,90,31.5,0.087249636
KT2440,3,70,31.5,0.067993628
KT2440,3,50,31.5,0.083398435
KT2440,3,25,31.5,0.041035217
KT2440,3,20,31.5,0.067198975
KT2440,3,15,31.5,3.763142613
KT2440,3,10,31.5,6.122082559
KT2440,3,5,31.5,5.887159261
KT2440,3,2,31.5,5.829391237
KT2440,3,1,31.5,5.871754455
KT2440,3,0,31.5,5.694599181
KT2440,1,90,31.75,0.060291225
KT2440,1,70,31.75,0.04873762
KT2440,1,50,31.75,0.056440024
KT2440,1,25,31.75,0.033332814
KT2440,1,20,31.75,0.259836038
KT2440,1,15,31.75,3.068753202
KT2440,1,10,31.75,4.943614867
KT2440,1,5,31.75,4.862739633
KT2440,1,2,31.75,5.270967004
KT2440,1,1,31.75,5.28637181
KT2440,1,0,31.75,4.566197109
KT2440,2,90,31.75,0.067993628
KT2440,2,70,31.75,0.041035217
KT2440,2,50,31.75,0.04873762
KT2440,2,25,31.75,0.029481612
KT2440,2,20,31.75,0.076158839
KT2440,2,15,31.75,3.610824936
KT2440,2,10,31.75,6.129784963
KT2440,2,5,31.75,5.941076084
KT2440,2,2,31.75,5.864052051
KT2440,2,1,31.75,5.879456858
KT2440,2,0,31.75,5.617575148
KT2440,3,90,31.75,0.087249636
KT2440,3,70,31.75,0.07184483
KT2440,3,50,31.75,0.07184483
KT2440,3,25,31.75,0.041035217
KT2440,3,20,31.75,0.067198975
KT2440,3,15,31.75,3.767622545
KT2440,3,10,31.75,6.133636164
KT2440,3,5,31.75,5.891010463
KT2440,3,2,31.75,5.833242439
KT2440,3,1,31.75,5.875605656
KT2440,3,0,31.75,5.694599181
KT2440,1,90,32,0.060291225
KT2440,1,70,32,0.04873762
KT2440,1,50,32,0.056440024
KT2440,1,25,32,0.037184016
KT2440,1,20,32,0.277755764
KT2440,1,15,32,3.064273271
KT2440,1,10,32,4.758757189
KT2440,1,5,32,4.85503723
KT2440,1,2,32,5.259413399
KT2440,1,1,32,5.251710995
KT2440,1,0,32,4.554643504
KT2440,2,90,32,0.067993628
KT2440,2,70,32,0.041035217
KT2440,2,50,32,0.056440024
KT2440,2,25,32,0.029481612
KT2440,2,20,32,0.076158839
KT2440,2,15,32,3.610824936
KT2440,2,10,32,6.122082559
KT2440,2,5,32,5.944927285
KT2440,2,2,32,5.875605656
KT2440,2,1,32,5.88330806
KT2440,2,0,32,5.613723947
KT2440,3,90,32,0.087249636
KT2440,3,70,32,0.067993628
KT2440,3,50,32,0.079547233
KT2440,3,25,32,0.041035217
KT2440,3,20,32,0.067198975
KT2440,3,15,32,3.776582408
KT2440,3,10,32,6.137487366
KT2440,3,5,32,5.891010463
KT2440,3,2,32,5.833242439
KT2440,3,1,32,5.879456858
KT2440,3,0,32,5.698450382
KT2440,1,90,32.25,0.064142427
KT2440,1,70,32.25,0.04873762
KT2440,1,50,32.25,0.056440024
KT2440,1,25,32.25,0.033332814
KT2440,1,20,32.25,0.300155423
KT2440,1,15,32.25,3.064273271
KT2440,1,10,32.25,4.458363464
KT2440,1,5,32.25,4.793418004
KT2440,1,2,32.25,5.217050181
KT2440,1,1,32.25,5.228603786
KT2440,1,0,32.25,4.527685093
KT2440,2,90,32.25,0.067993628
KT2440,2,70,32.25,0.041035217
KT2440,2,50,32.25,0.04873762
KT2440,2,25,32.25,0.029481612
KT2440,2,20,32.25,0.08063877
KT2440,2,15,32.25,3.624264731
KT2440,2,10,32.25,6.122082559
KT2440,2,5,32.25,5.944927285
KT2440,2,2,32.25,5.867903253
KT2440,2,1,32.25,5.879456858
KT2440,2,0,32.25,5.606021544
KT2440,3,90,32.25,0.087249636
KT2440,3,70,32.25,0.07184483
KT2440,3,50,32.25,0.083398435
KT2440,3,25,32.25,0.041035217
KT2440,3,20,32.25,0.067198975
KT2440,3,15,32.25,3.785542271
KT2440,3,10,32.25,6.137487366
KT2440,3,5,32.25,5.891010463
KT2440,3,2,32.25,5.829391237
KT2440,3,1,32.25,5.875605656
KT2440,3,0,32.25,5.679194374
KT2440,1,90,32.5,0.064275227
KT2440,1,70,32.5,0.04887042
KT2440,1,50,32.5,0.064275227
KT2440,1,25,32.5,0.037316816
KT2440,1,20,32.5,0.322555081
KT2440,1,15,32.5,3.055313407
KT2440,1,10,32.5,4.127292925
KT2440,1,5,32.5,4.778145998
KT2440,1,2,32.5,5.182522167
KT2440,1,1,32.5,5.201778175
KT2440,1,0,32.5,4.52011549
KT2440,2,90,32.5,0.068126428
KT2440,2,70,32.5,0.045019219
KT2440,2,50,32.5,0.052721622
KT2440,2,25,32.5,0.029614412
KT2440,2,20,32.5,0.08063877
KT2440,2,15,32.5,3.619784799
KT2440,2,10,32.5,6.133768964
KT2440,2,5,32.5,5.95661369
KT2440,2,2,32.5,5.871887255
KT2440,2,1,32.5,5.891143263
KT2440,2,0,32.5,5.602303142
KT2440,3,90,32.5,0.087382437
KT2440,3,70,32.5,0.07197763
KT2440,3,50,32.5,0.087382437
KT2440,3,25,32.5,0.045019219
KT2440,3,20,32.5,0.067198975
KT2440,3,15,32.5,3.794502135
KT2440,3,10,32.5,6.145322569
KT2440,3,5,32.5,5.898845666
KT2440,3,2,32.5,5.833375239
KT2440,3,1,32.5,5.88344086
KT2440,3,0,32.5,5.671624771
KT2440,1,90,32.75,0.067860828
KT2440,1,70,32.75,0.04860482
KT2440,1,50,32.75,0.056307224
KT2440,1,25,32.75,0.033200014
KT2440,1,20,32.75,0.34495474
KT2440,1,15,32.75,3.050833476
KT2440,1,10,32.75,3.930616043
KT2440,1,5,32.75,4.766326793
KT2440,1,2,32.75,5.16685176
KT2440,1,1,32.75,5.16685176
KT2440,1,0,32.75,4.508296285
KT2440,2,90,32.75,0.067860828
KT2440,2,70,32.75,0.044753619
KT2440,2,50,32.75,0.052456022
KT2440,2,25,32.75,0.029348812
KT2440,2,20,32.75,0.085118702
KT2440,2,15,32.75,3.628744662
KT2440,2,10,32.75,6.137354566
KT2440,2,5,32.75,5.964050493
KT2440,2,2,32.75,5.879324058
KT2440,2,1,32.75,5.906282469
KT2440,2,0,32.75,5.590483937
KT2440,3,90,32.75,0.087116836
KT2440,3,70,32.75,0.067860828
KT2440,3,50,32.75,0.079414433
KT2440,3,25,32.75,0.040902417
KT2440,3,20,32.75,0.071678907
KT2440,3,15,32.75,3.803461998
KT2440,3,10,32.75,6.160461775
KT2440,3,5,32.75,5.906282469
KT2440,3,2,32.75,5.833109639
KT2440,3,1,32.75,5.890877663
KT2440,3,0,32.75,5.667507969
KT2440,1,90,33,0.063876827
KT2440,1,70,33,0.04847202
KT2440,1,50,33,0.056174423
KT2440,1,25,33,0.036918415
KT2440,1,20,33,0.37183433
KT2440,1,15,33,3.050833476
KT2440,1,10,33,3.907376033
KT2440,1,5,33,4.754640388
KT2440,1,2,33,5.132058145
KT2440,1,1,33,5.120504541
KT2440,1,0,33,4.492758678
KT2440,2,90,33,0.067728028
KT2440,2,70,33,0.040769617
KT2440,2,50,33,0.052323222
KT2440,2,25,33,0.029216012
KT2440,2,20,33,0.089598634
KT2440,2,15,33,3.642184458
KT2440,2,10,33,6.121816959
KT2440,2,5,33,5.960066492
KT2440,2,2,33,5.85993525
KT2440,2,1,33,5.898447266
KT2440,2,0,33,5.574946331
KT2440,3,90,33,0.086984036
KT2440,3,70,33,0.079281633
KT2440,3,50,33,0.086984036
KT2440,3,25,33,0.040769617
KT2440,3,20,33,0.071678907
KT2440,3,15,33,3.812421861
KT2440,3,10,33,6.144924169
KT2440,3,5,33,5.894596064
KT2440,3,2,33,5.832976838
KT2440,3,1,33,5.875340056
KT2440,3,0,33,5.648119161
KT2440,1,90,33.25,0.056705624
KT2440,1,70,33.25,0.04900322
KT2440,1,50,33.25,0.056705624
KT2440,1,25,33.25,0.033598414
KT2440,1,20,33.25,0.39871392
KT2440,1,15,33.25,3.046353544
KT2440,1,10,33.25,3.904056032
KT2440,1,5,33.25,4.720510773
KT2440,1,2,33.25,5.063267717
KT2440,1,1,33.25,5.067118918
KT2440,1,0,33.25,4.481736274
KT2440,2,90,33.25,0.064408027
KT2440,2,70,33.25,0.041300817
KT2440,2,50,33.25,0.04900322
KT2440,2,25,33.25,0.029747212
KT2440,2,20,33.25,0.094078565
KT2440,2,15,33.25,3.642184458
KT2440,2,10,33.25,6.133901764
KT2440,2,5,33.25,5.960597692
KT2440,2,2,33.25,5.868168853
KT2440,2,1,33.25,5.898978466
KT2440,2,0,33.25,5.560072724
KT2440,3,90,33.25,0.083664035
KT2440,3,70,33.25,0.075961632
KT2440,3,50,33.25,0.083664035
KT2440,3,25,33.25,0.045152019
KT2440,3,20,33.25,0.076158839
KT2440,3,15,33.25,3.83482152
KT2440,3,10,33.25,6.153157772
KT2440,3,5,33.25,5.891276063
KT2440,3,2,33.25,5.83735924
KT2440,3,1,33.25,5.872020055
KT2440,3,0,33.25,5.640947958
KT2440,1,90,33.5,0.060424025
KT2440,1,70,33.5,0.04887042
KT2440,1,50,33.5,0.060424025
KT2440,1,25,33.5,0.037316816
KT2440,1,20,33.5,0.42559351
KT2440,1,15,33.5,3.03739368
KT2440,1,10,33.5,3.876964821
KT2440,1,5,33.5,4.681865957
KT2440,1,2,33.5,5.020771699
KT2440,1,1,33.5,5.024622901
KT2440,1,0,33.5,4.462347465
KT2440,2,90,33.5,0.068126428
KT2440,2,70,33.5,0.041168017
KT2440,2,50,33.5,0.052721622
KT2440,2,25,33.5,0.029614412
KT2440,2,20,33.5,0.094078565
KT2440,2,15,33.5,3.642184458
KT2440,2,10,33.5,6.145322569
KT2440,2,5,33.5,5.964316093
KT2440,2,2,33.5,5.868036053
KT2440,2,1,33.5,5.902696868
KT2440,2,0,33.5,5.54838632
KT2440,3,90,33.5,0.083531235
KT2440,3,70,33.5,0.075828832
KT2440,3,50,33.5,0.083531235
KT2440,3,25,33.5,0.041168017
KT2440,3,20,33.5,0.076158839
KT2440,3,15,33.5,3.83482152
KT2440,3,10,33.5,6.17228098
KT2440,3,5,33.5,5.894994464
KT2440,3,2,33.5,5.841077642
KT2440,3,1,33.5,5.871887255
KT2440,3,0,33.5,5.633112755
KT2440,1,90,33.75,0.056572824
KT2440,1,70,33.75,0.04887042
KT2440,1,50,33.75,0.056572824
KT2440,1,25,33.75,0.033465614
KT2440,1,20,33.75,0.456953032
KT2440,1,15,33.75,3.03739368
KT2440,1,10,33.75,3.880816022
KT2440,1,5,33.75,4.612544328
KT2440,1,2,33.75,4.982259683
KT2440,1,1,33.75,4.978408481
KT2440,1,0,33.75,4.443091457
KT2440,2,90,33.75,0.064275227
KT2440,2,70,33.75,0.045019219
KT2440,2,50,33.75,0.04887042
KT2440,2,25,33.75,0.029614412
KT2440,2,20,33.75,0.098558497
KT2440,2,15,33.75,3.651144321
KT2440,2,10,33.75,6.149173771
KT2440,2,5,33.75,5.960464892
KT2440,2,2,33.75,5.86033365
KT2440,2,1,33.75,5.902696868
KT2440,2,0,33.75,5.521427908
KT2440,3,90,33.75,0.083531235
KT2440,3,70,33.75,0.075828832
KT2440,3,50,33.75,0.083531235
KT2440,3,25,33.75,0.041168017
KT2440,3,20,33.75,0.08063877
KT2440,3,15,33.75,3.848261315
KT2440,3,10,33.75,6.176132182
KT2440,3,5,33.75,5.891143263
KT2440,3,2,33.75,5.83722644
KT2440,3,1,33.75,5.864184852
KT2440,3,0,33.75,5.610005545
KT2440,1,90,34,0.056440024
KT2440,1,70,34,0.04873762
KT2440,1,50,34,0.060291225
KT2440,1,25,34,0.033332814
KT2440,1,20,34,0.488312553
KT2440,1,15,34,3.032913749
KT2440,1,10,34,3.869129617
KT2440,1,5,34,4.539238698
KT2440,1,2,34,4.947466068
KT2440,1,1,34,4.935912463
KT2440,1,0,34,4.431405053
KT2440,2,90,34,0.064142427
KT2440,2,70,34,0.041035217
KT2440,2,50,34,0.04873762
KT2440,2,25,34,0.029481612
KT2440,2,20,34,0.103038429
KT2440,2,15,34,3.655624253
KT2440,2,10,34,6.164445777
KT2440,2,5,34,5.95648089
KT2440,2,2,34,5.864052051
KT2440,2,1,34,5.902564068
KT2440,2,0,34,5.47893189
KT2440,3,90,34,0.083398435
KT2440,3,70,34,0.067993628
KT2440,3,50,34,0.083398435
KT2440,3,25,34,0.041035217
KT2440,3,20,34,0.08063877
KT2440,3,15,34,3.857221178
KT2440,3,10,34,6.187552987
KT2440,3,5,34,5.891010463
KT2440,3,2,34,5.840944842
KT2440,3,1,34,5.864052051
KT2440,3,0,34,5.586765536
KT2440,1,90,34.25,0.064275227
KT2440,1,70,34.25,0.04887042
KT2440,1,50,34.25,0.060424025
KT2440,1,25,34.25,0.037316816
KT2440,1,20,34.25,0.519672075
KT2440,1,15,34.25,3.032913749
KT2440,1,10,34.25,3.85000641
KT2440,1,5,34.25,4.485454675
KT2440,1,2,34.25,4.909086852
KT2440,1,1,34.25,4.920640457
KT2440,1,0,34.25,4.427686651
KT2440,2,90,34.25,0.064275227
KT2440,2,70,34.25,0.041168017
KT2440,2,50,34.25,0.056572824
KT2440,2,25,34.25,0.029614412
KT2440,2,20,34.25,0.10751836
KT2440,2,15,34.25,3.669064048
KT2440,2,10,34.25,6.17228098
KT2440,2,5,34.25,5.948911287
KT2440,2,2,34.25,5.868036053
KT2440,2,1,34.25,5.902696868
KT2440,2,0,34.25,5.440552674
KT2440,3,90,34.25,0.083531235
KT2440,3,70,34.25,0.064275227
KT2440,3,50,34.25,0.083531235
KT2440,3,25,34.25,0.041168017
KT2440,3,20,34.25,0.085118702
KT2440,3,15,34.25,3.857221178
KT2440,3,10,34.25,6.19538819
KT2440,3,5,34.25,5.891143263
KT2440,3,2,34.25,5.83722644
KT2440,3,1,34.25,5.86033365
KT2440,3,0,34.25,5.544535118
KT2440,1,90,34.5,0.064275227
KT2440,1,70,34.5,0.04887042
KT2440,1,50,34.5,0.056572824
KT2440,1,25,34.5,0.033465614
KT2440,1,20,34.5,0.55999146
KT2440,1,15,34.5,3.028433817
KT2440,1,10,34.5,3.830750401
KT2440,1,5,34.5,4.493157078
KT2440,1,2,34.5,4.851318828
KT2440,1,1,34.5,4.859021231
KT2440,1,0,34.5,4.40072824
KT2440,2,90,34.5,0.064275227
KT2440,2,70,34.5,0.041168017
KT2440,2,50,34.5,0.052721622
KT2440,2,25,34.5,0.029614412
KT2440,2,20,34.5,0.111998292
KT2440,2,15,34.5,3.669064048
KT2440,2,10,34.5,6.164578577
KT2440,2,5,34.5,5.941208884
KT2440,2,2,34.5,5.871887255
KT2440,2,1,34.5,5.910399271
KT2440,2,0,34.5,5.38278465
KT2440,3,90,34.5,0.083531235
KT2440,3,70,34.5,0.068126428
KT2440,3,50,34.5,0.087382437
KT2440,3,25,34.5,0.041168017
KT2440,3,20,34.5,0.089598634
KT2440,3,15,34.5,3.870660973
KT2440,3,10,34.5,6.199239392
KT2440,3,5,34.5,5.887292061
KT2440,3,2,34.5,5.825672835
KT2440,3,1,34.5,5.856482448
KT2440,3,0,34.5,5.517576707
KT2440,1,90,34.75,0.083531235
KT2440,1,70,34.75,0.04887042
KT2440,1,50,34.75,0.060424025
KT2440,1,25,34.75,0.033465614
KT2440,1,20,34.75,0.600310845
KT2440,1,15,34.75,3.028433817
KT2440,1,10,34.75,3.80379199
KT2440,1,5,34.75,4.485454675
KT2440,1,2,34.75,4.828211618
KT2440,1,1,34.75,4.751187586
KT2440,1,0,34.75,4.393025837
KT2440,2,90,34.75,0.064275227
KT2440,2,70,34.75,0.041168017
KT2440,2,50,34.75,0.052721622
KT2440,2,25,34.75,0.029614412
KT2440,2,20,34.75,0.120958155
KT2440,2,15,34.75,3.673543979
KT2440,2,10,34.75,6.168429779
KT2440,2,5,34.75,5.937357682
KT2440,2,2,34.75,5.871887255
KT2440,2,1,34.75,5.891143263
KT2440,2,0,34.75,5.317314223
KT2440,3,90,34.75,0.083531235
KT2440,3,70,34.75,0.07197763
KT2440,3,50,34.75,0.079680033
KT2440,3,25,34.75,0.041168017
KT2440,3,20,34.75,0.089598634
KT2440,3,15,34.75,3.875140905
KT2440,3,10,34.75,6.206941795
KT2440,3,5,34.75,5.887292061
KT2440,3,2,34.75,5.825672835
KT2440,3,1,34.75,5.86033365
KT2440,3,0,34.75,5.509874303
KT2440,1,90,35,0.056440024
KT2440,1,70,35,0.04873762
KT2440,1,50,35,0.056440024
KT2440,1,25,35,0.033332814
KT2440,1,20,35,0.640630231
KT2440,1,15,35,3.023953885
KT2440,1,10,35,3.795956787
KT2440,1,5,35,4.431405053
KT2440,1,2,35,4.789566802
KT2440,1,1,35,4.674030754
KT2440,1,0,35,4.365934625
KT2440,2,90,35,0.064142427
KT2440,2,70,35,0.041035217
KT2440,2,50,35,0.04873762
KT2440,2,25,35,0.029481612
KT2440,2,20,35,0.125438087
KT2440,2,15,35,3.682503843
KT2440,2,10,35,6.156743374
KT2440,2,5,35,5.93337368
KT2440,2,2,35,5.871754455
KT2440,2,1,35,5.844796043
KT2440,2,0,35,5.278669407
KT2440,3,90,35,0.083398435
KT2440,3,70,35,0.067993628
KT2440,3,50,35,0.079547233
KT2440,3,25,35,0.041035217
KT2440,3,20,35,0.094078565
KT2440,3,15,35,3.8885807
KT2440,3,10,35,6.202957793
KT2440,3,5,35,5.891010463
KT2440,3,2,35,5.810135229
KT2440,3,1,35,5.852498447
KT2440,3,0,35,5.498187899
KT2440,1,90,35.25,0.052456022
KT2440,1,70,35.25,0.04860482
KT2440,1,50,35.25,0.056307224
KT2440,1,25,35.25,0.033200014
KT2440,1,20,35.25,0.680949616
KT2440,1,15,35.25,3.023953885
KT2440,1,10,35.25,3.784270382
KT2440,1,5,35.25,4.40046264
KT2440,1,2,35.25,4.747070785
KT2440,1,1,35.25,4.539105898
KT2440,1,0,35.25,4.358099422
KT2440,2,90,35.25,0.064009627
KT2440,2,70,35.25,0.040902417
KT2440,2,50,35.25,0.052456022
KT2440,2,25,35.25,0.029348812
KT2440,2,20,35.25,0.129918019
KT2440,2,15,35.25,3.686983774
KT2440,2,10,35.25,6.183568985
KT2440,2,5,35.25,5.937092082
KT2440,2,2,35.25,5.879324058
KT2440,2,1,35.25,5.825407235
KT2440,2,0,35.25,5.216917381
KT2440,3,90,35.25,0.083265635
KT2440,3,70,35.25,0.067860828
KT2440,3,50,35.25,0.079414433
KT2440,3,25,35.25,0.040902417
KT2440,3,20,35.25,0.098558497
KT2440,3,15,35.25,3.893060632
KT2440,3,10,35.25,6.222081001
KT2440,3,5,35.25,5.898580066
KT2440,3,2,35.25,5.81385363
KT2440,3,1,35.25,5.867770453
KT2440,3,0,35.25,5.451840679
KT2440,1,90,35.5,0.064275227
KT2440,1,70,35.5,0.04887042
KT2440,1,50,35.5,0.056572824
KT2440,1,25,35.5,0.033465614
KT2440,1,20,35.5,0.725748932
KT2440,1,15,35.5,3.014994022
KT2440,1,10,35.5,3.769131176
KT2440,1,5,35.5,4.37762103
KT2440,1,2,35.5,4.701121965
KT2440,1,1,35.5,4.535520296
KT2440,1,0,35.5,4.346811417
KT2440,2,90,35.5,0.064275227
KT2440,2,70,35.5,0.041168017
KT2440,2,50,35.5,0.04887042
KT2440,2,25,35.5,0.029614412
KT2440,2,20,35.5,0.138877882
KT2440,2,15,35.5,3.691463706
KT2440,2,10,35.5,6.183834585
KT2440,2,5,35.5,5.937357682
KT2440,2,2,35.5,5.898845666
KT2440,2,1,35.5,5.825672835
KT2440,2,0,35.5,5.159414957
KT2440,3,90,35.5,0.083531235
KT2440,3,70,35.5,0.064275227
KT2440,3,50,35.5,0.07197763
KT2440,3,25,35.5,0.041168017
KT2440,3,20,35.5,0.103038429
KT2440,3,15,35.5,3.902020495
KT2440,3,10,35.5,6.222346601
KT2440,3,5,35.5,5.906548069
KT2440,3,2,35.5,5.821821634
KT2440,3,1,35.5,5.871887255
KT2440,3,0,35.5,5.409743062
KT2440,1,90,35.75,0.102787243
KT2440,1,70,35.75,0.04887042
KT2440,1,50,35.75,0.060424025
KT2440,1,25,35.75,0.033465614
KT2440,1,20,35.75,0.770548249
KT2440,1,15,35.75,3.014994022
KT2440,1,10,35.75,3.753726369
KT2440,1,5,35.75,4.358365022
KT2440,1,2,35.75,4.651056344
KT2440,1,1,35.75,4.477752272
KT2440,1,0,35.75,4.323704208
KT2440,2,90,35.75,0.064275227
KT2440,2,70,35.75,0.041168017
KT2440,2,50,35.75,0.052721622
KT2440,2,25,35.75,0.029614412
KT2440,2,20,35.75,0.143357814
KT2440,2,15,35.75,3.700423569
KT2440,2,10,35.75,6.19538819
KT2440,2,5,35.75,5.941208884
KT2440,2,2,35.75,5.910399271
KT2440,2,1,35.75,5.821821634
KT2440,2,0,35.75,5.090093328
KT2440,3,90,35.75,0.083531235
KT2440,3,70,35.75,0.064275227
KT2440,3,50,35.75,0.075828832
KT2440,3,25,35.75,0.041168017
KT2440,3,20,35.75,0.10751836
KT2440,3,15,35.75,3.91546029
KT2440,3,10,35.75,6.237751408
KT2440,3,5,35.75,5.910399271
KT2440,3,2,35.75,5.821821634
KT2440,3,1,35.75,5.879589658
KT2440,3,0,35.75,5.367379844
KT2440,1,90,36,0.060424025
KT2440,1,70,36,0.04887042
KT2440,1,50,36,0.060424025
KT2440,1,25,36,0.033465614
KT2440,1,20,36,0.815347566
KT2440,1,15,36,3.01051409
KT2440,1,10,36,3.722916756
KT2440,1,5,36,4.342960216
KT2440,1,2,36,4.543222699
KT2440,1,1,36,4.454645062
KT2440,1,0,36,4.308299401
KT2440,2,90,36,0.064275227
KT2440,2,70,36,0.041168017
KT2440,2,50,36,0.052721622
KT2440,2,25,36,0.029614412
KT2440,2,20,36,0.147837746
KT2440,2,15,36,3.700423569
KT2440,2,10,36,6.168429779
KT2440,2,5,36,5.933506481
KT2440,2,2,36,5.929655279
KT2440,2,1,36,5.817970432
KT2440,2,0,36,5.005366893
KT2440,3,90,36,0.083531235
KT2440,3,70,36,0.064275227
KT2440,3,50,36,0.075828832
KT2440,3,25,36,0.041168017
KT2440,3,20,36,0.10751836
KT2440,3,15,36,3.91546029
KT2440,3,10,36,6.237751408
KT2440,3,5,36,5.902696868
KT2440,3,2,36,5.817970432
KT2440,3,1,36,5.875738456
KT2440,3,0,36,5.359677441
KT2440,1,90,36.25,0.060291225
KT2440,1,70,36.25,0.04873762
KT2440,1,50,36.25,0.060291225
KT2440,1,25,36.25,0.033332814
KT2440,1,20,36.25,0.864626815
KT2440,1,15,36.25,3.006034159
KT2440,1,10,36.25,3.699676747
KT2440,1,5,36.25,4.323571407
KT2440,1,2,36.25,4.454512262
KT2440,1,1,36.25,4.442958657
KT2440,1,0,36.25,4.296612996
KT2440,2,90,36.25,0.064142427
KT2440,2,70,36.25,0.041035217
KT2440,2,50,36.25,0.052588822
KT2440,2,25,36.25,0.029481612
KT2440,2,20,36.25,0.156797609
KT2440,2,15,36.25,3.704903501
KT2440,2,10,36.25,6.145189769
KT2440,2,5,36.25,5.921820076
KT2440,2,2,36.25,5.937224882
KT2440,2,1,36.25,5.810135229
KT2440,2,0,36.25,4.916656455
KT2440,3,90,36.25,0.083398435
KT2440,3,70,36.25,0.060291225
KT2440,3,50,36.25,0.075696032
KT2440,3,25,36.25,0.041035217
KT2440,3,20,36.25,0.111998292
KT2440,3,15,36.25,3.924420154
KT2440,3,10,36.25,6.229916204
KT2440,3,5,36.25,5.887159261
KT2440,3,2,36.25,5.817837632
KT2440,3,1,36.25,5.867903253
KT2440,3,0,36.25,5.301776616
KT2440,1,90,36.5,0.064142427
KT2440,1,70,36.5,0.04873762
KT2440,1,50,36.5,0.060291225
KT2440,1,25,36.5,0.033332814
KT2440,1,20,36.5,0.913906063
KT2440,1,15,36.5,3.001554227
KT2440,1,10,36.5,3.695825545
KT2440,1,5,36.5,4.312017803
KT2440,1,2,36.5,4.435256254
KT2440,1,1,36.5,4.435256254
KT2440,1,0,36.5,4.269654585
KT2440,2,90,36.5,0.064142427
KT2440,2,70,36.5,0.041035217
KT2440,2,50,36.5,0.052588822
KT2440,2,25,36.5,0.029481612
KT2440,2,20,36.5,0.165757472
KT2440,2,15,36.5,3.704903501
KT2440,2,10,36.5,6.129784963
KT2440,2,5,36.5,5.917968874
KT2440,2,2,36.5,5.944927285
KT2440,2,1,36.5,5.802432826
KT2440,2,0,36.5,4.889698044
KT2440,3,90,36.5,0.083398435
KT2440,3,70,36.5,0.07184483
KT2440,3,50,36.5,0.075696032
KT2440,3,25,36.5,0.044886419
KT2440,3,20,36.5,0.116478224
KT2440,3,15,36.5,3.924420154
KT2440,3,10,36.5,6.237618608
KT2440,3,5,36.5,5.88330806
KT2440,3,2,36.5,5.813986431
KT2440,3,1,36.5,5.86020085
KT2440,3,0,36.5,5.197794173
KT2440,1,90,36.75,0.056838424
KT2440,1,70,36.75,0.049136021
KT2440,1,50,36.75,0.064540827
KT2440,1,25,36.75,0.033731214
KT2440,1,20,36.75,0.95870538
KT2440,1,15,36.75,2.992594364
KT2440,1,10,36.75,3.676967937
KT2440,1,5,36.75,4.300862598
KT2440,1,2,36.75,4.408696243
KT2440,1,1,36.75,4.420249848
KT2440,1,0,36.75,4.273904187
KT2440,2,90,36.75,0.064540827
KT2440,2,70,36.75,0.041433617
KT2440,2,50,36.75,0.049136021
KT2440,2,25,36.75,0.029880012
KT2440,2,20,36.75,0.174717336
KT2440,2,15,36.75,3.700423569
KT2440,2,10,36.75,6.126332161
KT2440,2,5,36.75,5.922218476
KT2440,2,2,36.75,5.953028089
KT2440,2,1,36.75,5.798980024
KT2440,2,0,36.75,4.83232842
KT2440,3,90,36.75,0.079945633
KT2440,3,70,36.75,0.064540827
KT2440,3,50,36.75,0.079945633
KT2440,3,25,36.75,0.041433617
KT2440,3,20,36.75,0.125438087
KT2440,3,15,36.75,3.919940222
KT2440,3,10,36.75,6.257273016
KT2440,3,5,36.75,5.891408863
KT2440,3,2,36.75,5.833640839
KT2440,3,1,36.75,5.872152855
KT2440,3,0,36.75,5.136573347
KT2440,1,90,37,0.053252822
KT2440,1,70,37,0.049401621
KT2440,1,50,37,0.060955225
KT2440,1,25,37,0.033996814
KT2440,1,20,37,1.007984628
KT2440,1,15,37,2.992594364
KT2440,1,10,37,3.661828731
KT2440,1,5,37,4.289574593
KT2440,1,2,37,4.393557037
KT2440,1,1,37,4.408961843
KT2440,1,0,37,4.25876498
KT2440,2,90,37,0.064806427
KT2440,2,70,37,0.041699217
KT2440,2,50,37,0.049401621
KT2440,2,25,37,0.030145613
KT2440,2,20,37,0.183677199
KT2440,2,15,37,3.713863364
KT2440,2,10,37,6.115044156
KT2440,2,5,37,5.910930471
KT2440,2,2,37,5.949442487
KT2440,2,1,37,5.795394423
KT2440,2,0,37,4.73631398
KT2440,3,90,37,0.080211234
KT2440,3,70,37,0.060955225
KT2440,3,50,37,0.07250883
KT2440,3,25,37,0.041699217
KT2440,3,20,37,0.125438087
KT2440,3,15,37,3.937859949
KT2440,3,10,37,6.261389818
KT2440,3,5,37,5.887823261
KT2440,3,2,37,5.826204036
KT2440,3,1,37,5.864716052
KT2440,3,0,37,5.090624528
KT2440,1,90,37.25,0.056838424
KT2440,1,70,37.25,0.049136021
KT2440,1,50,37.25,0.060689625
KT2440,1,25,37.25,0.033731214
KT2440,1,20,37.25,1.052783945
KT2440,1,15,37.25,2.988114432
KT2440,1,10,37.25,3.642307123
KT2440,1,5,37.25,4.277755388
KT2440,1,2,37.25,4.374035429
KT2440,1,1,37.25,4.385589033
KT2440,1,0,37.25,4.227689767
KT2440,2,90,37.25,0.064540827
KT2440,2,70,37.25,0.041433617
KT2440,2,50,37.25,0.049136021
KT2440,2,25,37.25,0.029880012
KT2440,2,20,37.25,0.192637062
KT2440,2,15,37.25,3.718343296
KT2440,2,10,37.25,6.107076153
KT2440,2,5,37.25,5.902962468
KT2440,2,2,37.25,5.945325685
KT2440,2,1,37.25,5.795128823
KT2440,2,0,37.25,4.582000316
KT2440,3,90,37.25,0.079945633
KT2440,3,70,37.25,0.064540827
KT2440,3,50,37.25,0.083796835
KT2440,3,25,37.25,0.041433617
KT2440,3,20,37.25,0.13439795
KT2440,3,15,37.25,3.946819812
KT2440,3,10,37.25,6.257273016
KT2440,3,5,37.25,5.88370646
KT2440,3,2,37.25,5.825938436
KT2440,3,1,37.25,5.852896847
KT2440,3,0,37.25,5.028739702
KT2440,1,90,37.5,0.056705624
KT2440,1,70,37.5,0.04900322
KT2440,1,50,37.5,0.060556825
KT2440,1,25,37.5,0.033598414
KT2440,1,20,37.5,1.097583262
KT2440,1,15,37.5,2.9836345
KT2440,1,10,37.5,3.622918315
KT2440,1,5,37.5,4.266068983
KT2440,1,2,37.5,4.362349024
KT2440,1,1,37.5,4.373902629
KT2440,1,0,37.5,4.216003363
KT2440,2,90,37.5,0.060556825
KT2440,2,70,37.5,0.041300817
KT2440,2,50,37.5,0.04900322
KT2440,2,25,37.5,0.029747212
KT2440,2,20,37.5,0.206076857
KT2440,2,15,37.5,3.718343296
KT2440,2,10,37.5,6.091538547
KT2440,2,5,37.5,5.891276063
KT2440,2,2,37.5,5.925936877
KT2440,2,1,37.5,5.775740015
KT2440,2,0,37.5,4.574165112
KT2440,3,90,37.5,0.079812833
KT2440,3,70,37.5,0.064408027
KT2440,3,50,37.5,0.07211043
KT2440,3,25,37.5,0.041300817
KT2440,3,20,37.5,0.138877882
KT2440,3,15,37.5,3.946819812
KT2440,3,10,37.5,6.264842619
KT2440,3,5,37.5,5.875871256
KT2440,3,2,37.5,5.825805635
KT2440,3,1,37.5,5.841210442
KT2440,3,0,37.5,4.959285273
KT2440,1,90,37.75,0.04900322
KT2440,1,70,37.75,0.04900322
KT2440,1,50,37.75,0.060556825
KT2440,1,25,37.75,0.033598414
KT2440,1,20,37.75,1.142382579
KT2440,1,15,37.75,2.974674637
KT2440,1,10,37.75,3.603662307
KT2440,1,5,37.75,4.235259371
KT2440,1,2,37.75,4.346944217
KT2440,1,1,37.75,4.366200225
KT2440,1,0,37.75,4.204449758
KT2440,2,90,37.75,0.064408027
KT2440,2,70,37.75,0.041300817
KT2440,2,50,37.75,0.052854422
KT2440,2,25,37.75,0.029747212
KT2440,2,20,37.75,0.219516652
KT2440,2,15,37.75,3.713863364
KT2440,2,10,37.75,6.087687345
KT2440,2,5,37.75,5.902829668
KT2440,2,2,37.75,5.929788079
KT2440,2,1,37.75,5.771888813
KT2440,2,0,37.75,4.562611507
KT2440,3,90,37.75,0.079812833
KT2440,3,70,37.75,0.064408027
KT2440,3,50,37.75,0.075961632
KT2440,3,25,37.75,0.045152019
KT2440,3,20,37.75,0.147837746
KT2440,3,15,37.75,3.946819812
KT2440,3,10,37.75,6.272545022
KT2440,3,5,37.75,5.879722458
KT2440,3,2,37.75,5.83735924
KT2440,3,1,37.75,5.848912845
KT2440,3,0,37.75,4.905368451
KT2440,1,90,38,0.060025625
KT2440,1,70,38,0.04847202
KT2440,1,50,38,0.060025625
KT2440,1,25,38,0.033067214
KT2440,1,20,38,1.182701964
KT2440,1,15,38,2.965714774
KT2440,1,10,38,3.591577501
KT2440,1,5,38,4.215472162
KT2440,1,2,38,4.342561815
KT2440,1,1,38,4.338710614
KT2440,1,0,38,4.169257743
KT2440,2,90,38,0.060025625
KT2440,2,70,38,0.040769617
KT2440,2,50,38,0.04847202
KT2440,2,25,38,0.029216012
KT2440,2,20,38,0.232956447
KT2440,2,15,38,3.709383433
KT2440,2,10,38,6.071751338
KT2440,2,5,38,5.894596064
KT2440,2,2,38,5.921554476
KT2440,2,1,38,5.752101605
KT2440,2,0,38,4.546675501
KT2440,3,90,38,0.079281633
KT2440,3,70,38,0.063876827
KT2440,3,50,38,0.079281633
KT2440,3,25,38,0.040769617
KT2440,3,20,38,0.152317677
KT2440,3,15,38,3.94233988
KT2440,3,10,38,6.275865024
KT2440,3,5,38,5.871488855
KT2440,3,2,38,5.83682804
KT2440,3,1,38,5.848381645
KT2440,3,0,38,4.847069226
KT2440,1,90,38.25,0.051659222
KT2440,1,70,38.25,0.04780802
KT2440,1,50,38.25,0.059361625
KT2440,1,25,38.25,0.032403214
KT2440,1,20,38.25,1.223021349
KT2440,1,15,38.25,2.961234842
KT2440,1,10,38.25,3.556252687
KT2440,1,5,38.25,4.199403356
KT2440,1,2,38.25,4.303385799
KT2440,1,1,38.25,4.318790605
KT2440,1,0,38.25,4.153188936
KT2440,2,90,38.25,0.059361625
KT2440,2,70,38.25,0.040105617
KT2440,2,50,38.25,0.051659222
KT2440,2,25,38.25,0.028552012
KT2440,2,20,38.25,0.246396243
KT2440,2,15,38.25,3.718343296
KT2440,2,10,38.25,6.040277725
KT2440,2,5,38.25,5.890080862
KT2440,2,2,38.25,5.928592878
KT2440,2,1,38.25,5.736032798
KT2440,2,0,38.25,4.538309097
KT2440,3,90,38.25,0.078617633
KT2440,3,70,38.25,0.059361625
KT2440,3,50,38.25,0.074766431
KT2440,3,25,38.25,0.040105617
KT2440,3,20,38.25,0.156797609
KT2440,3,15,38.25,3.951299744
KT2440,3,10,38.25,6.279052225
KT2440,3,5,38.25,5.870824854
KT2440,3,2,38.25,5.840015241
KT2440,3,1,38.25,5.840015241
KT2440,3,0,38.25,4.819446815
KT2440,1,90,38.5,0.04833922
KT2440,1,70,38.5,0.04833922
KT2440,1,50,38.5,0.056041623
KT2440,1,25,38.5,0.032934414
KT2440,1,20,38.5,1.258860803
KT2440,1,15,38.5,2.95675491
KT2440,1,10,38.5,3.552932685
KT2440,1,5,38.5,4.180678548
KT2440,1,2,38.5,4.296214596
KT2440,1,1,38.5,4.307768201
KT2440,1,0,38.5,4.149868935
KT2440,2,90,38.5,0.059892825
KT2440,2,70,38.5,0.040636817
KT2440,2,50,38.5,0.04833922
KT2440,2,25,38.5,0.029083212
KT2440,2,20,38.5,0.259836038
KT2440,2,15,38.5,3.722823228
KT2440,2,10,38.5,6.044660127
KT2440,2,5,38.5,5.863653651
KT2440,2,2,38.5,5.917570474
KT2440,2,1,38.5,5.721159192
KT2440,2,0,38.5,4.511881886
KT2440,3,90,38.5,0.079148833
KT2440,3,70,38.5,0.063744027
KT2440,3,50,38.5,0.07144643
KT2440,3,25,38.5,0.040636817
KT2440,3,20,38.5,0.165757472
KT2440,3,15,38.5,3.955779675
KT2440,3,10,38.5,6.279583425
KT2440,3,5,38.5,5.867504853
KT2440,3,2,38.5,5.840546442
KT2440,3,1,38.5,5.825141635
KT2440,3,0,38.5,4.742953983
KT2440,1,90,38.75,0.04794082
KT2440,1,70,38.75,0.04794082
KT2440,1,50,38.75,0.055643223
KT2440,1,25,38.75,0.032536014
KT2440,1,20,38.75,1.294700256
KT2440,1,15,38.75,2.952274979
KT2440,1,10,38.75,3.529427075
KT2440,1,5,38.75,4.168726543
KT2440,1,2,38.75,4.261155381
KT2440,1,1,38.75,4.291964994
KT2440,1,0,38.75,4.130214527
KT2440,2,90,38.75,0.059494425
KT2440,2,70,38.75,0.040238417
KT2440,2,50,38.75,0.04794082
KT2440,2,25,38.75,0.028684812
KT2440,2,20,38.75,0.277755764
KT2440,2,15,38.75,3.713863364
KT2440,2,10,38.75,6.025005719
KT2440,2,5,38.75,5.83629684
KT2440,2,2,38.75,5.928725679
KT2440,2,1,38.75,5.71690959
KT2440,2,0,38.75,4.511483486
KT2440,3,90,38.75,0.078750433
KT2440,3,70,38.75,0.07104803
KT2440,3,50,38.75,0.078750433
KT2440,3,25,38.75,0.036387215
KT2440,3,20,38.75,0.174717336
KT2440,3,15,38.75,3.955779675
KT2440,3,10,38.75,6.29073863
KT2440,3,5,38.75,5.867106453
KT2440,3,2,38.75,5.847850445
KT2440,3,1,38.75,5.817040832
KT2440,3,0,38.75,4.646275542
KT2440,1,90,39,0.043824018
KT2440,1,70,39,0.04767522
KT2440,1,50,39,0.055377623
KT2440,1,25,39,0.032270413
KT2440,1,20,39,1.326059778
KT2440,1,15,39,2.943315115
KT2440,1,10,39,3.506054266
KT2440,1,5,39,4.156907338
KT2440,1,2,39,4.25703858
KT2440,1,1,39,4.264740983
KT2440,1,0,39,4.106841717
KT2440,2,90,39,0.059228825
KT2440,2,70,39,0.039972817
KT2440,2,50,39,0.04767522
KT2440,2,25,39,0.028419212
KT2440,2,20,39,0.295675491
KT2440,2,15,39,3.713863364
KT2440,2,10,39,6.020888917
KT2440,2,5,39,5.832180038
KT2440,2,2,39,5.924608877
KT2440,2,1,39,5.705090385
KT2440,2,0,39,4.499664281
KT2440,3,90,39,0.078484833
KT2440,3,70,39,0.066931228
KT2440,3,50,39,0.082336034
KT2440,3,25,39,0.039972817
KT2440,3,20,39,0.179197267
KT2440,3,15,39,3.960259607
KT2440,3,10,39,6.282770627
KT2440,3,5,39,5.862989651
KT2440,3,2,39,5.851436046
KT2440,3,1,39,5.797519224
KT2440,3,0,39,4.534325096
KT2440,1,90,39.25,0.043824018
KT2440,1,70,39.25,0.04767522
KT2440,1,50,39.25,0.059228825
KT2440,1,25,39.25,0.032270413
KT2440,1,20,39.25,1.352939368
KT2440,1,15,39.25,2.934355252
KT2440,1,10,39.25,3.490649459
KT2440,1,5,39.25,4.126097725
KT2440,1,2,39.25,4.23393137
KT2440,1,1,39.25,4.264740983
KT2440,1,0,39.25,4.09143691
KT2440,2,90,39.25,0.059228825
KT2440,2,70,39.25,0.039972817
KT2440,2,50,39.25,0.051526422
KT2440,2,25,39.25,0.028419212
KT2440,2,20,39.25,0.313595218
KT2440,2,15,39.25,3.709383433
KT2440,2,10,39.25,6.009335312
KT2440,2,5,39.25,5.824477635
KT2440,2,2,39.25,5.905352869
KT2440,2,1,39.25,5.69353678
KT2440,2,0,39.25,4.488110676
KT2440,3,90,39.25,0.078484833
KT2440,3,70,39.25,0.059228825
KT2440,3,50,39.25,0.066931228
KT2440,3,25,39.25,0.036121615
KT2440,3,20,39.25,0.188157131
KT2440,3,15,39.25,3.955779675
KT2440,3,10,39.25,6.286621828
KT2440,3,5,39.25,5.862989651
KT2440,3,2,39.25,5.855287248
KT2440,3,1,39.25,5.78981682
KT2440,3,0,39.25,4.526622692
KT2440,1,90,39.5,0.039574417
KT2440,1,70,39.5,0.04727682
KT2440,1,50,39.5,0.054979223
KT2440,1,25,39.5,0.031872013
KT2440,1,20,39.5,1.375339026
KT2440,1,15,39.5,2.925395388
KT2440,1,10,39.5,3.513358269
KT2440,1,5,39.5,4.117996922
KT2440,1,2,39.5,4.221979365
KT2440,1,1,39.5,4.248937776
KT2440,1,0,39.5,4.079484905
KT2440,2,90,39.5,0.058830425
KT2440,2,70,39.5,0.039574417
KT2440,2,50,39.5,0.051128021
KT2440,2,25,39.5,0.028020812
KT2440,2,20,39.5,0.331514944
KT2440,2,15,39.5,3.700423569
KT2440,2,10,39.5,6.012788114
KT2440,2,5,39.5,5.81252563
KT2440,2,2,39.5,5.874144856
KT2440,2,1,39.5,5.677733574
KT2440,2,0,39.5,4.476158671
KT2440,3,90,39.5,0.074235231
KT2440,3,70,39.5,0.062681626
KT2440,3,50,39.5,0.070384029
KT2440,3,25,39.5,0.039574417
KT2440,3,20,39.5,0.197116994
KT2440,3,15,39.5,3.960259607
KT2440,3,10,39.5,6.297777033
KT2440,3,5,39.5,5.862591251
KT2440,3,2,39.5,5.858740049
KT2440,3,1,39.5,5.758608807
KT2440,3,0,39.5,4.506968284
KT2440,1,90,39.75,0.039707217
KT2440,1,70,39.75,0.04740962
KT2440,1,50,39.75,0.058963225
KT2440,1,25,39.75,0.032004813
KT2440,1,20,39.75,1.402218616
KT2440,1,15,39.75,2.920915457
KT2440,1,10,39.75,3.448020641
KT2440,1,5,39.75,4.098873714
KT2440,1,2,39.75,4.202856157
KT2440,1,1,39.75,4.229814568
KT2440,1,0,39.75,4.052659294
KT2440,2,90,39.75,0.058963225
KT2440,2,70,39.75,0.039707217
KT2440,2,50,39.75,0.051260821
KT2440,2,25,39.75,0.028153612
KT2440,2,20,39.75,0.349434671
KT2440,2,15,39.75,3.704903501
KT2440,2,10,39.75,6.024474519
KT2440,2,5,39.75,5.797253624
KT2440,2,2,39.75,5.824212035
KT2440,2,1,39.75,5.67016397
KT2440,2,0,39.75,4.457035463
KT2440,3,90,39.75,0.074368031
KT2440,3,70,39.75,0.070516829
KT2440,3,50,39.75,0.074368031
KT2440,3,25,39.75,0.035856015
KT2440,3,20,39.75,0.210556789
KT2440,3,15,39.75,3.960259607
KT2440,3,10,39.75,6.297909833
KT2440,3,5,39.75,5.858872849
KT2440,3,2,39.75,5.866575253
KT2440,3,1,39.75,5.762592809
KT2440,3,0,39.75,4.495547479
KT2440,1,90,40,0.038910416
KT2440,1,70,40,0.046612819
KT2440,1,50,40,0.054315223
KT2440,1,25,40,0.031208013
KT2440,1,20,40,1.424618275
KT2440,1,15,40,2.911955593
KT2440,1,10,40,3.42026543
KT2440,1,5,40,4.078820905
KT2440,1,2,40,4.175100945
KT2440,1,1,40,4.178952147
KT2440,1,0,40,4.032606486
KT2440,2,90,40,0.058166424
KT2440,2,70,40,0.038910416
KT2440,2,50,40,0.050464021
KT2440,2,25,40,0.027356811
KT2440,2,20,40,0.37183433
KT2440,2,15,40,3.700423569
KT2440,2,10,40,6.035231323
KT2440,2,5,40,5.78875442
KT2440,2,2,40,5.792605622
KT2440,2,1,40,5.650111162
KT2440,2,0,40,4.436982655
KT2440,3,90,40,0.073571231
KT2440,3,70,40,0.062017626
KT2440,3,50,40,0.069720029
KT2440,3,25,40,0.035059215
KT2440,3,20,40,0.219516652
KT2440,3,15,40,3.964739539
KT2440,3,10,40,6.300964234
KT2440,3,5,40,5.850373646
KT2440,3,2,40,5.869629654
KT2440,3,1,40,5.750242404
KT2440,3,0,40,4.479345873
